CPU,CPU Cores,CPU Threads,CPU TDP (W),GPU,GPU Series,GPU VRAM (GB),GPU Bandwidth (GB/s),GPU TDP (W),Total System TDP (W),Bottleneck Score,RAM (GB),Resolution,Graphics Settings,Min FPS,Avg FPS,Max FPS
Intel i7-12700F,12,20,65,RTX 2070,RTX 2000,8,448,300,365,3.5,8,3840x2160,High,28,35,43
Intel i5-12600K,10,16,125,RX 6800,RX 6000,16,512,150,275,5.0,8,1920x1080,Low,72,93,102
Ryzen 9 5900X,12,24,105,RTX 3080,RTX 3000,10,760,200,305,3.96,8,2560x1440,High,51,71,84
Intel i7-13700K,16,24,125,RTX 3070,RTX 3000,8,448,200,325,3.33,8,2560x1440,Low,60,80,93
Intel i5-12400F,6,12,65,RX 6900 XT,RX 6000,16,512,200,265,7.5,16,3840x2160,Low,48,65,79
Intel i9-13900K,24,32,125,GTX 1060,GTX 1000,6,192,250,375,1.41,16,1920x1080,Medium,40,49,62
Ryzen 3 4100,4,8,65,RX 6900 XT,RX 6000,16,512,120,185,11.25,8,3840x2160,High,35,48,55
Intel i9-12900K,16,24,125,RTX 3080 Ti,RTX 3000,12,912,150,275,4.08,16,1920x1080,Ultra,55,66,81
Ryzen 5 7600X,6,12,105,RTX 2080 Ti,RTX 2000,11,616,300,405,7.08,16,1920x1080,Low,71,101,129
Ryzen 5 7600X,6,12,105,RTX 3070,RTX 3000,8,448,150,255,6.67,16,3840x2160,Ultra,31,40,45
Intel i9-14900K,24,32,125,RTX 3090,RTX 3000,24,936,300,425,3.12,32,3840x2160,Ultra,32,44,57
Ryzen 9 7950X3D,16,32,170,GTX 1070,GTX 1000,8,256,120,290,1.72,8,1920x1080,Low,54,67,79
Ryzen 7 7800X3D,8,16,120,RX 6600,RX 6000,8,224,120,240,3.44,32,3840x2160,Ultra,17,22,28
Ryzen 3 4100,4,8,65,RTX 4080,RTX 4000,16,716,200,265,13.12,16,1920x1080,High,59,85,105
Intel i9-12900K,16,24,125,RX 7800 XT,RX 7000,16,624,150,275,3.54,32,1920x1080,High,52,72,84
Intel i3-12100F,4,8,58,RTX 4070 Ti,RTX 4000,12,576,200,258,11.25,8,2560x1440,Low,79,96,121
Intel i9-14900K,24,32,125,RTX 2080 Ti,RTX 2000,11,616,300,425,2.66,8,1920x1080,Low,85,104,134
Intel i7-13700K,16,24,125,GTX 1650 Super,GTX 1000,4,192,150,275,1.67,32,3840x2160,Ultra,10,14,17
Intel i9-13900K,24,32,125,RTX 4070,RTX 4000,12,504,120,245,2.66,16,2560x1440,High,49,65,74
Ryzen 5 7600X,6,12,105,RTX 2070,RTX 2000,8,448,150,255,5.83,32,3840x2160,Medium,29,42,51
Intel i5-12600K,10,16,125,RTX 2080,RTX 2000,8,448,150,275,5.0,32,2560x1440,Low,62,78,89
Ryzen 9 7950X3D,16,32,170,RTX 3080 Ti,RTX 3000,12,912,250,420,3.06,8,2560x1440,Ultra,43,54,63
Ryzen 9 7950X,16,32,170,RTX 2080 Ti,RTX 2000,11,616,150,320,2.66,8,3840x2160,Low,48,65,82
Intel i9-13900K,24,32,125,RTX 3060 Ti,RTX 3000,8,448,120,245,2.19,8,3840x2160,Ultra,22,31,35
Ryzen 9 7950X,16,32,170,GTX 1080 Ti,GTX 1000,11,484,250,420,2.03,8,1920x1080,Low,67,82,92
Ryzen 9 7950X3D,16,32,170,RTX 3070,RTX 3000,8,448,250,420,2.5,8,2560x1440,Low,67,80,92
Ryzen 5 5600X,6,12,65,RX 6800,RX 6000,16,512,300,365,6.67,8,3840x2160,Ultra,24,33,36
Intel i5-12400F,6,12,65,RTX 4070 Ti,RTX 4000,12,576,120,185,7.5,32,1920x1080,Low,89,107,129
Intel i5-12600K,10,16,125,RTX 3060,RTX 3000,12,360,300,425,4.06,32,1920x1080,Low,61,81,104
Intel i9-14900K,24,32,125,RTX 2080,RTX 2000,8,448,200,325,2.5,16,3840x2160,Low,49,63,73
Intel i9-13900K,24,32,125,RTX 4070 Ti,RTX 4000,12,576,120,245,2.81,16,1920x1080,High,57,72,85
Intel i3-12100F,4,8,58,RX 6900 XT,RX 6000,16,512,200,258,11.25,8,3840x2160,Low,54,70,78
Intel i5-12600K,10,16,125,RTX 3080 Ti,RTX 3000,12,912,300,425,6.12,8,2560x1440,High,54,70,81
Intel i3-12100F,4,8,58,RTX 4070,RTX 4000,12,504,150,208,10.62,8,3840x2160,Low,52,63,78
Ryzen 3 4100,4,8,65,RTX 4060,RTX 4000,8,272,300,365,8.75,32,3840x2160,Medium,34,43,54
Ryzen 9 7950X3D,16,32,170,RTX 3090,RTX 3000,24,936,150,320,3.12,32,1920x1080,Low,88,119,130
Ryzen 3 4100,4,8,65,Intel Arc A770,Intel Arc,16,560,150,215,8.12,32,3840x2160,Ultra,24,31,34
Intel i5-12400F,6,12,65,RTX 4070 Super,RTX 4000,12,504,120,185,7.33,16,3840x2160,Medium,39,53,67
Ryzen 7 5800X,8,16,105,RTX 3070,RTX 3000,8,448,250,355,5.0,32,3840x2160,Medium,39,48,61
Intel i7-13700K,16,24,125,RTX 3080 Ti,RTX 3000,12,912,250,375,4.08,16,1920x1080,Medium,75,93,108
Intel i9-14900K,24,32,125,RTX 4090,RTX 4000,24,1012,250,375,3.75,16,1920x1080,Low,121,147,168
Ryzen 7 5800X,8,16,105,RTX 4070,RTX 4000,12,504,120,225,5.31,8,1920x1080,Medium,65,86,99
Ryzen 3 4100,4,8,65,RTX 4080 Super,RTX 4000,16,742,120,185,13.5,32,3840x2160,Ultra,41,53,68
Ryzen 3 4100,4,8,65,RTX 3060,RTX 3000,12,360,200,265,8.12,8,3840x2160,High,23,31,38
Ryzen 9 5900X,12,24,105,RX 7800 XT,RX 7000,16,624,300,405,3.54,32,1920x1080,Ultra,39,56,66
Intel i9-13900K,24,32,125,RTX 4070 Super,RTX 4000,12,504,120,245,2.75,32,2560x1440,Low,73,93,114
Ryzen 5 5600X,6,12,65,RX 7800 XT,RX 7000,16,624,250,315,7.08,16,2560x1440,Ultra,36,49,55
Ryzen 7 7800X3D,8,16,120,RTX 3060,RTX 3000,12,360,250,370,4.06,16,3840x2160,High,25,36,41
Ryzen 5 7600X,6,12,105,RX 6900 XT,RX 6000,16,512,150,255,7.5,32,2560x1440,Ultra,38,50,64
Intel i5-12600K,10,16,125,RTX 4060,RTX 4000,8,272,150,275,4.38,8,3840x2160,High,33,41,50
Intel i9-13900K,24,32,125,Intel Arc A750,Intel Arc,8,512,250,375,1.72,8,1920x1080,Low,55,70,87
Ryzen 9 5900X,12,24,105,RTX 3060 Ti,RTX 3000,8,448,120,225,2.92,16,3840x2160,Ultra,21,30,37
Ryzen 9 5900X,12,24,105,RTX 3080,RTX 3000,10,760,150,255,3.96,8,1920x1080,Ultra,56,67,75
Ryzen 9 7950X,16,32,170,RX 7900 XTX,RX 7000,24,960,300,470,3.28,16,3840x2160,High,47,59,70
Ryzen 9 7950X,16,32,170,Intel Arc A770,Intel Arc,16,560,300,470,2.03,16,3840x2160,Ultra,19,27,33
Ryzen 9 7950X3D,16,32,170,RTX 3080 Ti,RTX 3000,12,912,300,470,3.06,8,2560x1440,Ultra,44,60,70
Intel i5-12600K,10,16,125,GTX 1650 Super,GTX 1000,4,192,250,375,2.5,16,1920x1080,Medium,33,41,45
Ryzen 5 7600X,6,12,105,RX 6900 XT,RX 6000,16,512,120,225,7.5,8,2560x1440,Low,72,95,119
Ryzen 7 7800X3D,8,16,120,RX 7600,RX 7000,8,288,250,370,3.75,16,1920x1080,High,43,53,68
Intel i9-14900K,24,32,125,RX 7700 XT,RX 7000,12,432,250,375,2.34,16,1920x1080,High,47,63,77
Intel i9-12900K,16,24,125,RX 6900 XT,RX 6000,16,512,250,375,3.75,16,1920x1080,Low,86,108,120
Intel i7-13700K,16,24,125,RX 6900 XT,RX 6000,16,512,250,375,3.75,16,1920x1080,Low,77,106,123
Ryzen 3 4100,4,8,65,RX 6700 XT,RX 6000,12,384,200,265,8.75,16,2560x1440,Low,51,66,85
Intel i9-14900K,24,32,125,GTX 1060,GTX 1000,6,192,150,275,1.41,8,3840x2160,Low,28,39,43
Intel i9-14900K,24,32,125,GTX 1650 Super,GTX 1000,4,192,200,325,1.25,32,2560x1440,Low,34,45,51
Intel i9-12900K,16,24,125,GTX 1660,GTX 1000,6,192,250,375,2.08,8,1920x1080,High,36,43,52
Ryzen 7 7800X3D,8,16,120,RTX 3060 Ti,RTX 3000,8,448,120,240,4.38,8,1920x1080,Medium,52,71,87
Intel i5-12400F,6,12,65,RTX 4080 Super,RTX 4000,16,742,250,315,9.0,32,3840x2160,Ultra,36,47,54
Ryzen 9 7950X3D,16,32,170,GTX 1080 Ti,GTX 1000,11,484,150,320,2.03,32,2560x1440,High,38,50,56
Ryzen 3 4100,4,8,65,RX 7600,RX 7000,8,288,120,185,7.5,32,2560x1440,Ultra,26,36,41
Ryzen 3 4100,4,8,65,RX 6800 XT,RX 6000,16,512,200,265,10.62,32,1920x1080,Ultra,45,60,66
Intel i9-12900K,16,24,125,RX 7700 XT,RX 7000,12,432,200,325,3.12,16,1920x1080,High,51,62,76
Intel i3-12100F,4,8,58,RX 7900 XTX,RX 7000,24,960,250,308,13.12,8,1920x1080,Low,98,128,160
Ryzen 9 7950X3D,16,32,170,RX 6800 XT,RX 6000,16,512,300,470,2.66,16,1920x1080,Low,79,99,114
Ryzen 7 5800X,8,16,105,RX 7600,RX 7000,8,288,250,355,3.75,16,3840x2160,High,29,38,44
Ryzen 3 4100,4,8,65,RTX 4070,RTX 4000,12,504,150,215,10.62,8,2560x1440,Medium,55,74,92
Intel i9-13900K,24,32,125,RTX 3070,RTX 3000,8,448,200,325,2.5,16,3840x2160,Ultra,32,38,45
Intel i7-12700F,12,20,65,RTX 3060 Ti,RTX 3000,8,448,200,265,3.5,16,2560x1440,Medium,39,56,67
Intel i5-12400F,6,12,65,RTX 2080 Ti,RTX 2000,11,616,120,185,7.08,32,3840x2160,High,40,51,63
Intel i3-12100F,4,8,58,RTX 4060,RTX 4000,8,272,250,308,8.75,16,2560x1440,Ultra,33,40,46
Intel i7-12700F,12,20,65,GTX 1060,GTX 1000,6,192,300,365,2.25,8,2560x1440,Ultra,21,27,30
Ryzen 5 5600X,6,12,65,GTX 1070,GTX 1000,8,256,150,215,4.58,32,1920x1080,Low,53,68,85
Ryzen 7 7800X3D,8,16,120,RX 6800 XT,RX 6000,16,512,300,420,5.31,32,2560x1440,High,49,66,80
Intel i7-12700F,12,20,65,RTX 3070,RTX 3000,8,448,120,185,4.0,16,3840x2160,Medium,38,53,60
Intel i9-12900K,16,24,125,RTX 2060,RTX 2000,6,336,200,325,2.5,32,2560x1440,Ultra,26,36,41
Ryzen 9 7950X,16,32,170,GTX 1060,GTX 1000,6,192,150,320,1.41,16,3840x2160,Medium,25,32,39
Ryzen 9 5900X,12,24,105,GTX 1660,GTX 1000,6,192,120,225,2.08,32,3840x2160,Medium,20,28,31
Intel i9-12900K,16,24,125,RTX 4070,RTX 4000,12,504,200,325,3.54,16,3840x2160,High,34,43,53
Ryzen 9 7950X3D,16,32,170,RX 6800 XT,RX 6000,16,512,150,320,2.66,16,1920x1080,Low,82,104,114
Intel i3-12100F,4,8,58,RTX 4090,RTX 4000,24,1012,150,208,15.0,8,3840x2160,Low,74,93,119
Ryzen 9 5900X,12,24,105,RX 7700 XT,RX 7000,12,432,150,255,3.12,16,1920x1080,Ultra,38,51,57
Ryzen 5 7600X,6,12,105,RX 6700 XT,RX 6000,12,384,120,225,5.83,16,3840x2160,Ultra,25,33,41
Ryzen 9 7950X,16,32,170,GTX 1070,GTX 1000,8,256,120,290,1.72,16,2560x1440,High,28,35,44
Ryzen 9 7950X,16,32,170,RX 6700 XT,RX 6000,12,384,120,290,2.19,32,1920x1080,Medium,55,68,83
Intel i9-13900K,24,32,125,RTX 4090,RTX 4000,24,1012,300,425,3.75,16,3840x2160,Medium,61,77,86
Intel i9-14900K,24,32,125,Intel Arc A770,Intel Arc,16,560,120,245,2.03,32,2560x1440,Low,47,65,82
Ryzen 9 7950X,16,32,170,GTX 1660,GTX 1000,6,192,250,420,1.56,16,3840x2160,Medium,26,36,44
Ryzen 9 7950X3D,16,32,170,RX 7600,RX 7000,8,288,150,320,1.88,32,1920x1080,Ultra,27,38,46
Intel i5-12600K,10,16,125,RTX 4090,RTX 4000,24,1012,300,425,7.5,32,2560x1440,High,58,84,104
Ryzen 9 7950X3D,16,32,170,Intel Arc A750,Intel Arc,8,512,200,370,1.72,16,2560x1440,Ultra,25,31,36
Intel i9-13900K,24,32,125,RTX 3080 Ti,RTX 3000,12,912,250,375,3.06,8,3840x2160,Ultra,36,48,55
Ryzen 7 7800X3D,8,16,120,RX 6600,RX 6000,8,224,200,320,3.44,16,3840x2160,Medium,28,40,51
Intel i7-12700F,12,20,65,RX 6800 XT,RX 6000,16,512,150,215,4.25,8,1920x1080,Ultra,46,61,75
Intel i5-12600K,10,16,125,RX 7600,RX 7000,8,288,300,425,3.75,32,2560x1440,High,35,45,57
Ryzen 7 7800X3D,8,16,120,RTX 4070 Ti,RTX 4000,12,576,200,320,5.62,32,3840x2160,Ultra,25,36,44
Intel i9-14900K,24,32,125,GTX 1070,GTX 1000,8,256,200,325,1.72,32,2560x1440,Low,41,58,65
Intel i3-12100F,4,8,58,RTX 2080,RTX 2000,8,448,250,308,10.0,16,2560x1440,Low,61,80,91
Intel i9-12900K,16,24,125,Intel Arc A770,Intel Arc,16,560,300,425,2.71,32,1920x1080,Low,64,81,93
Intel i7-13700K,16,24,125,RTX 3080,RTX 3000,10,760,200,325,3.96,16,2560x1440,High,46,66,83
Intel i9-12900K,16,24,125,GTX 1060,GTX 1000,6,192,250,375,1.88,32,2560x1440,High,25,30,37
Ryzen 5 5600X,6,12,65,RTX 3060 Ti,RTX 3000,8,448,200,265,5.83,8,2560x1440,Ultra,30,39,47
Intel i3-12100F,4,8,58,RX 6600 XT,RX 6000,8,256,300,358,7.5,32,2560x1440,Low,52,64,82
Ryzen 9 7950X3D,16,32,170,RTX 4060,RTX 4000,8,272,150,320,2.19,8,1920x1080,High,47,60,74
Intel i7-12700F,12,20,65,RTX 2080,RTX 2000,8,448,200,265,4.0,8,2560x1440,Ultra,38,48,53
Ryzen 5 7600X,6,12,105,RX 6700 XT,RX 6000,12,384,300,405,5.83,8,1920x1080,Medium,59,72,84
Ryzen 3 4100,4,8,65,Intel Arc A770,Intel Arc,16,560,120,185,8.12,16,2560x1440,Ultra,30,41,46
Intel i7-13700K,16,24,125,RTX 3080,RTX 3000,10,760,300,425,3.96,32,3840x2160,Ultra,33,41,45
Intel i7-12700F,12,20,65,RX 6900 XT,RX 6000,16,512,150,215,4.5,32,2560x1440,High,50,63,73
Ryzen 9 7950X3D,16,32,170,RTX 2070,RTX 2000,8,448,200,370,2.19,32,3840x2160,High,24,35,44
Ryzen 9 5900X,12,24,105,GTX 1660,GTX 1000,6,192,300,405,2.08,8,1920x1080,Low,44,58,64
Intel i7-13700K,16,24,125,RX 6600,RX 6000,8,224,300,425,2.29,32,2560x1440,High,35,44,53
Intel i7-13700K,16,24,125,RX 6700 XT,RX 6000,12,384,200,325,2.92,16,3840x2160,Low,46,55,63
Intel i9-13900K,24,32,125,RX 6800 XT,RX 6000,16,512,200,325,2.66,16,2560x1440,Medium,54,68,82
Intel i5-12400F,6,12,65,RX 6600 XT,RX 6000,8,256,150,215,5.0,8,2560x1440,Medium,45,55,61
Intel i3-12100F,4,8,58,RTX 2080 Ti,RTX 2000,11,616,300,358,10.62,8,2560x1440,Medium,54,75,94
Intel i9-13900K,24,32,125,RTX 3070,RTX 3000,8,448,150,275,2.5,8,1920x1080,High,55,70,80
Intel i7-13700K,16,24,125,RTX 3090,RTX 3000,24,936,150,275,4.17,32,1920x1080,Low,88,123,144
Ryzen 5 7600X,6,12,105,RTX 2070,RTX 2000,8,448,120,225,5.83,8,1920x1080,High,41,55,61
Ryzen 9 7950X3D,16,32,170,RX 6800 XT,RX 6000,16,512,300,470,2.66,16,2560x1440,Low,72,86,95
Ryzen 5 5600X,6,12,65,RX 6900 XT,RX 6000,16,512,120,185,7.5,8,3840x2160,Low,62,75,88
Ryzen 9 7950X3D,16,32,170,RX 6800 XT,RX 6000,16,512,300,470,2.66,16,1920x1080,Low,73,103,118
Ryzen 5 7600X,6,12,105,RX 6600,RX 6000,8,224,120,225,4.58,16,3840x2160,High,22,30,37
Intel i9-13900K,24,32,125,RX 6800,RX 6000,16,512,120,245,2.5,16,2560x1440,Medium,50,66,78
Ryzen 5 7600X,6,12,105,RX 6800,RX 6000,16,512,120,225,6.67,16,2560x1440,High,49,62,74
Intel i5-12600K,10,16,125,GTX 1070,GTX 1000,8,256,300,425,3.44,32,2560x1440,Low,47,58,70
Ryzen 5 7600X,6,12,105,GTX 1660,GTX 1000,6,192,120,225,4.17,32,2560x1440,High,30,40,51
Ryzen 5 5600X,6,12,65,RTX 4070,RTX 4000,12,504,120,185,7.08,32,2560x1440,Low,62,86,102
Ryzen 7 5800X,8,16,105,RTX 4070 Super,RTX 4000,12,504,300,405,5.5,32,1920x1080,High,55,72,87
Intel i3-12100F,4,8,58,RTX 4090,RTX 4000,24,1012,120,178,15.0,16,1920x1080,Medium,91,122,142
Intel i9-12900K,16,24,125,Intel Arc A750,Intel Arc,8,512,300,425,2.29,8,3840x2160,Ultra,16,21,23
Intel i9-13900K,24,32,125,RX 6600,RX 6000,8,224,300,425,1.72,16,2560x1440,Ultra,21,29,33
Intel i5-12600K,10,16,125,RTX 2080 Ti,RTX 2000,11,616,250,375,5.31,32,1920x1080,Medium,56,80,95
Ryzen 9 7950X3D,16,32,170,RX 6800 XT,RX 6000,16,512,200,370,2.66,8,2560x1440,High,45,63,74
Ryzen 9 7950X3D,16,32,170,RX 7900 XTX,RX 7000,24,960,150,320,3.28,8,3840x2160,High,46,55,61
Ryzen 5 5600X,6,12,65,RTX 3070,RTX 3000,8,448,150,215,6.67,16,1920x1080,High,46,66,82
Intel i7-13700K,16,24,125,RX 6600,RX 6000,8,224,250,375,2.29,32,3840x2160,Medium,28,36,42
Intel i5-12400F,6,12,65,RX 6800,RX 6000,16,512,250,315,6.67,8,1920x1080,Ultra,46,59,71
Ryzen 5 5600X,6,12,65,GTX 1660,GTX 1000,6,192,200,265,4.17,16,2560x1440,Low,39,47,56
Intel i5-12600K,10,16,125,RX 6800,RX 6000,16,512,200,325,5.0,16,1920x1080,Medium,62,80,94
Ryzen 5 7600X,6,12,105,RTX 3080,RTX 3000,10,760,200,305,7.92,8,2560x1440,Medium,57,80,96
Ryzen 7 5800X,8,16,105,Intel Arc A750,Intel Arc,8,512,120,225,3.44,8,1920x1080,Low,45,63,71
Intel i9-12900K,16,24,125,RX 7700 XT,RX 7000,12,432,300,425,3.12,32,2560x1440,Ultra,37,48,58
Ryzen 5 7600X,6,12,105,RTX 4070 Ti,RTX 4000,12,576,300,405,7.5,8,1920x1080,Ultra,49,62,78
Intel i5-12400F,6,12,65,RTX 4080 Super,RTX 4000,16,742,200,265,9.0,16,3840x2160,Low,58,83,97
Intel i5-12600K,10,16,125,GTX 1070,GTX 1000,8,256,120,245,3.44,16,3840x2160,Ultra,21,25,31
Ryzen 9 7950X,16,32,170,RTX 3060 Ti,RTX 3000,8,448,200,370,2.19,32,2560x1440,Ultra,26,38,42
Intel i5-12600K,10,16,125,RX 7800 XT,RX 7000,16,624,300,425,5.31,8,3840x2160,Medium,39,52,61
Intel i9-12900K,16,24,125,RTX 4070 Super,RTX 4000,12,504,200,325,3.67,16,2560x1440,High,46,62,75
Intel i5-12600K,10,16,125,RTX 4080,RTX 4000,16,716,300,425,6.56,16,1920x1080,Ultra,58,71,91
Intel i7-13700K,16,24,125,RTX 4080,RTX 4000,16,716,150,275,4.38,16,1920x1080,Medium,82,103,126
Intel i5-12600K,10,16,125,RTX 4070,RTX 4000,12,504,300,425,5.31,32,3840x2160,Ultra,33,41,50
Intel i5-12600K,10,16,125,RX 6800,RX 6000,16,512,250,375,5.0,8,3840x2160,High,30,42,47
Intel i9-13900K,24,32,125,RTX 3080,RTX 3000,10,760,300,425,2.97,8,1920x1080,Medium,75,92,110
Intel i5-12400F,6,12,65,RTX 4080,RTX 4000,16,716,300,365,8.75,32,3840x2160,Medium,48,67,84
Intel i9-12900K,16,24,125,RX 6800 XT,RX 6000,16,512,200,325,3.54,16,1920x1080,Ultra,44,61,72
Ryzen 9 7950X,16,32,170,RTX 3080,RTX 3000,10,760,150,320,2.97,16,3840x2160,Medium,53,66,84
Ryzen 7 5800X,8,16,105,RX 6800 XT,RX 6000,16,512,150,255,5.31,16,2560x1440,High,46,61,69
Intel i7-13700K,16,24,125,RTX 3090,RTX 3000,24,936,120,245,4.17,16,1920x1080,Ultra,50,70,88
Ryzen 5 5600X,6,12,65,GTX 1070,GTX 1000,8,256,150,215,4.58,16,1920x1080,High,36,50,59
Ryzen 9 7950X,16,32,170,RTX 4080 Super,RTX 4000,16,742,120,290,3.38,8,1920x1080,Ultra,55,74,87
Ryzen 7 5800X,8,16,105,RTX 3080,RTX 3000,10,760,150,255,5.94,8,1920x1080,High,66,84,105
Intel i5-12400F,6,12,65,RTX 4060,RTX 4000,8,272,120,185,5.83,32,2560x1440,Medium,46,59,75
Ryzen 3 4100,4,8,65,RTX 3070,RTX 3000,8,448,150,215,10.0,8,1920x1080,Ultra,42,58,65
Ryzen 9 5900X,12,24,105,RX 6900 XT,RX 6000,16,512,150,255,3.75,16,1920x1080,Low,75,108,129
Intel i7-13700K,16,24,125,RTX 4060,RTX 4000,8,272,120,245,2.92,32,2560x1440,Low,54,69,78
Ryzen 7 5800X,8,16,105,GTX 1060,GTX 1000,6,192,200,305,2.81,16,3840x2160,Low,26,38,44
Ryzen 3 4100,4,8,65,RTX 2070,RTX 2000,8,448,300,365,8.75,16,2560x1440,Low,54,68,76
Ryzen 5 7600X,6,12,105,GTX 1650 Super,GTX 1000,4,192,250,355,3.33,32,1920x1080,High,25,32,40
Ryzen 9 7950X3D,16,32,170,RTX 3060,RTX 3000,12,360,120,290,2.03,32,1920x1080,Low,61,80,92
Intel i9-13900K,24,32,125,RTX 2080,RTX 2000,8,448,120,245,2.5,32,2560x1440,High,46,56,66
Intel i9-13900K,24,32,125,RTX 4060,RTX 4000,8,272,250,375,2.19,32,2560x1440,Low,49,69,80
Ryzen 9 7950X,16,32,170,RX 6600,RX 6000,8,224,200,370,1.72,16,2560x1440,Medium,36,48,60
Intel i5-12600K,10,16,125,RX 6800,RX 6000,16,512,120,245,5.0,32,1920x1080,Ultra,43,60,69
Intel i5-12600K,10,16,125,RTX 4070 Ti,RTX 4000,12,576,250,375,5.62,16,3840x2160,High,39,49,55
Ryzen 7 5800X,8,16,105,RX 6800 XT,RX 6000,16,512,120,225,5.31,32,1920x1080,High,57,77,99
Intel i5-12600K,10,16,125,RX 6600 XT,RX 6000,8,256,120,245,3.75,8,2560x1440,Medium,37,47,59
Intel i7-13700K,16,24,125,GTX 1060,GTX 1000,6,192,250,375,1.88,16,1920x1080,High,29,37,45
Ryzen 7 5800X,8,16,105,RTX 4070 Super,RTX 4000,12,504,200,305,5.5,32,2560x1440,Low,64,86,100
Intel i9-14900K,24,32,125,GTX 1660,GTX 1000,6,192,200,325,1.56,16,1920x1080,Medium,41,50,56
Ryzen 9 7950X,16,32,170,RTX 3070,RTX 3000,8,448,120,290,2.5,32,3840x2160,High,37,48,53
Ryzen 9 7950X,16,32,170,RTX 3060,RTX 3000,12,360,200,370,2.03,8,3840x2160,Ultra,27,32,41
Intel i5-12600K,10,16,125,RTX 4060,RTX 4000,8,272,200,325,4.38,32,2560x1440,Medium,49,61,69
Intel i9-14900K,24,32,125,GTX 1660,GTX 1000,6,192,200,325,1.56,8,1920x1080,Medium,36,52,62
Ryzen 9 7950X,16,32,170,GTX 1650 Super,GTX 1000,4,192,300,470,1.25,8,3840x2160,Low,24,29,36
Ryzen 9 5900X,12,24,105,RX 6700 XT,RX 6000,12,384,300,405,2.92,8,3840x2160,Low,46,59,70
Ryzen 7 5800X,8,16,105,GTX 1650 Super,GTX 1000,4,192,120,225,2.5,8,3840x2160,Medium,20,25,27
Intel i7-13700K,16,24,125,RTX 4070,RTX 4000,12,504,300,425,3.54,16,1920x1080,Medium,65,89,114
Ryzen 5 5600X,6,12,65,GTX 1070,GTX 1000,8,256,300,365,4.58,32,2560x1440,Medium,37,51,62
Intel i5-12600K,10,16,125,RX 7800 XT,RX 7000,16,624,300,425,5.31,32,3840x2160,Medium,42,59,72
Ryzen 5 7600X,6,12,105,RTX 2080,RTX 2000,8,448,150,255,6.67,8,1920x1080,Low,81,100,115
Ryzen 9 5900X,12,24,105,RTX 2070,RTX 2000,8,448,250,355,2.92,32,2560x1440,High,42,55,69
Ryzen 5 5600X,6,12,65,RX 6900 XT,RX 6000,16,512,300,365,7.5,8,1920x1080,Low,82,107,122
Intel i7-13700K,16,24,125,RTX 4070 Ti,RTX 4000,12,576,200,325,3.75,32,3840x2160,High,40,54,63
Intel i7-12700F,12,20,65,RTX 4070 Ti,RTX 4000,12,576,200,265,4.5,8,1920x1080,Ultra,44,60,67
Ryzen 7 7800X3D,8,16,120,RX 6700 XT,RX 6000,12,384,150,270,4.38,16,1920x1080,Medium,59,74,84
Ryzen 9 7950X3D,16,32,170,RX 7800 XT,RX 7000,16,624,250,420,2.66,16,2560x1440,Ultra,35,50,58
Intel i9-14900K,24,32,125,RTX 3070,RTX 3000,8,448,250,375,2.5,8,3840x2160,High,30,39,49
Ryzen 5 5600X,6,12,65,RTX 2060,RTX 2000,6,336,200,265,5.0,8,1920x1080,Ultra,36,45,56
Intel i5-12400F,6,12,65,RX 6600 XT,RX 6000,8,256,300,365,5.0,16,1920x1080,Medium,42,60,72
Ryzen 3 4100,4,8,65,GTX 1660,GTX 1000,6,192,200,265,6.25,16,1920x1080,Low,49,58,70
Intel i7-13700K,16,24,125,RTX 3060 Ti,RTX 3000,8,448,250,375,2.92,32,3840x2160,Ultra,19,27,33
Ryzen 9 7950X,16,32,170,Intel Arc A750,Intel Arc,8,512,300,470,1.72,16,3840x2160,Medium,29,40,47
Ryzen 5 5600X,6,12,65,RTX 4080,RTX 4000,16,716,200,265,8.75,32,3840x2160,Ultra,37,48,52
Intel i7-12700F,12,20,65,RX 6700 XT,RX 6000,12,384,200,265,3.5,32,3840x2160,High,33,42,51
Intel i9-14900K,24,32,125,RTX 2080 Ti,RTX 2000,11,616,250,375,2.66,8,3840x2160,Ultra,30,38,47
Intel i7-13700K,16,24,125,RTX 3080 Ti,RTX 3000,12,912,150,275,4.08,8,1920x1080,Low,83,112,126
Ryzen 9 5900X,12,24,105,RX 7800 XT,RX 7000,16,624,300,405,3.54,32,3840x2160,Ultra,32,40,48
Ryzen 5 7600X,6,12,105,RX 7600,RX 7000,8,288,300,405,5.0,16,3840x2160,Ultra,23,31,37
Ryzen 7 5800X,8,16,105,RTX 3090,RTX 3000,24,936,200,305,6.25,8,3840x2160,Ultra,37,50,57
Ryzen 5 5600X,6,12,65,RTX 3070,RTX 3000,8,448,200,265,6.67,16,3840x2160,Ultra,28,36,46
Ryzen 5 5600X,6,12,65,GTX 1660,GTX 1000,6,192,200,265,4.17,16,3840x2160,Ultra,21,25,31
Intel i5-12400F,6,12,65,RTX 4060,RTX 4000,8,272,150,215,5.83,16,3840x2160,Low,46,58,72
Intel i9-13900K,24,32,125,RTX 4090,RTX 4000,24,1012,120,245,3.75,8,3840x2160,High,50,62,71
Intel i9-14900K,24,32,125,RTX 3080,RTX 3000,10,760,150,275,2.97,16,1920x1080,Low,86,112,138
Intel i3-12100F,4,8,58,Intel Arc A770,Intel Arc,16,560,200,258,8.12,16,2560x1440,Ultra,32,40,46
Intel i5-12400F,6,12,65,GTX 1070,GTX 1000,8,256,150,215,4.58,32,3840x2160,Medium,31,38,42
Ryzen 9 5900X,12,24,105,RTX 3060,RTX 3000,12,360,200,305,2.71,16,1920x1080,Ultra,34,42,53
Intel i5-12400F,6,12,65,RTX 2060,RTX 2000,6,336,250,315,5.0,16,2560x1440,Low,50,59,71
Intel i7-13700K,16,24,125,RX 7800 XT,RX 7000,16,624,200,325,3.54,8,2560x1440,High,47,64,79
Intel i9-12900K,16,24,125,RTX 2060,RTX 2000,6,336,250,375,2.5,16,3840x2160,High,26,33,37
Ryzen 9 5900X,12,24,105,RX 7800 XT,RX 7000,16,624,200,305,3.54,16,2560x1440,Low,64,88,99
Intel i9-14900K,24,32,125,RTX 2060,RTX 2000,6,336,300,425,1.88,8,2560x1440,Ultra,25,35,40
Intel i3-12100F,4,8,58,RTX 3090,RTX 3000,24,936,150,208,12.5,32,3840x2160,High,41,52,62
Ryzen 7 7800X3D,8,16,120,RX 7800 XT,RX 7000,16,624,300,420,5.31,32,3840x2160,High,36,43,49
Intel i9-14900K,24,32,125,RTX 3080,RTX 3000,10,760,300,425,2.97,8,1920x1080,Ultra,55,66,77
Ryzen 9 7950X3D,16,32,170,RTX 3070,RTX 3000,8,448,300,470,2.5,32,1920x1080,Low,76,95,105
Intel i7-12700F,12,20,65,RTX 2080 Ti,RTX 2000,11,616,250,315,4.25,32,3840x2160,Medium,39,55,69
Intel i7-12700F,12,20,65,RTX 3070,RTX 3000,8,448,150,215,4.0,8,3840x2160,Ultra,30,40,44
Ryzen 9 5900X,12,24,105,RX 6900 XT,RX 6000,16,512,250,355,3.75,32,3840x2160,Low,56,69,85
Ryzen 3 4100,4,8,65,RTX 2060,RTX 2000,6,336,300,365,7.5,32,3840x2160,Medium,25,34,42
Intel i5-12400F,6,12,65,GTX 1060,GTX 1000,6,192,250,315,3.75,16,2560x1440,Low,35,44,55
Ryzen 7 5800X,8,16,105,RX 6600,RX 6000,8,224,150,255,3.44,16,2560x1440,Ultra,23,28,35
Ryzen 7 5800X,8,16,105,GTX 1660,GTX 1000,6,192,120,225,3.12,32,1920x1080,Ultra,26,31,39
Ryzen 5 5600X,6,12,65,RX 6900 XT,RX 6000,16,512,150,215,7.5,32,3840x2160,Ultra,28,39,46
Ryzen 3 4100,4,8,65,RTX 3060 Ti,RTX 3000,8,448,120,185,8.75,8,3840x2160,Low,43,57,71
Intel i9-14900K,24,32,125,RTX 3070,RTX 3000,8,448,120,245,2.5,32,1920x1080,Low,71,91,112
Intel i9-14900K,24,32,125,RTX 2080,RTX 2000,8,448,150,275,2.5,8,2560x1440,Ultra,38,47,58
Ryzen 5 5600X,6,12,65,RTX 3080,RTX 3000,10,760,200,265,7.92,32,3840x2160,High,42,53,61
Intel i7-13700K,16,24,125,RX 7900 XTX,RX 7000,24,960,150,275,4.38,16,1920x1080,Ultra,55,71,86
Ryzen 9 5900X,12,24,105,RX 7700 XT,RX 7000,12,432,250,355,3.12,32,1920x1080,High,53,65,75
Ryzen 9 5900X,12,24,105,Intel Arc A750,Intel Arc,8,512,200,305,2.29,8,2560x1440,Ultra,26,35,44
Intel i7-13700K,16,24,125,RX 6900 XT,RX 6000,16,512,150,275,3.75,16,1920x1080,Ultra,45,63,72
Ryzen 5 7600X,6,12,105,GTX 1070,GTX 1000,8,256,250,355,4.58,8,2560x1440,High,32,40,44
Intel i5-12400F,6,12,65,GTX 1060,GTX 1000,6,192,120,185,3.75,16,1920x1080,Medium,35,42,48
Intel i9-13900K,24,32,125,RTX 3060 Ti,RTX 3000,8,448,300,425,2.19,32,3840x2160,Low,45,59,67
Intel i9-13900K,24,32,125,RX 6600 XT,RX 6000,8,256,200,325,1.88,16,1920x1080,High,38,49,57
Ryzen 7 5800X,8,16,105,RX 7800 XT,RX 7000,16,624,200,305,5.31,8,2560x1440,Ultra,42,53,66
Intel i9-13900K,24,32,125,RTX 4070 Super,RTX 4000,12,504,200,325,2.75,8,2560x1440,Ultra,38,52,58
Ryzen 9 5900X,12,24,105,RTX 4060,RTX 4000,8,272,300,405,2.92,16,1920x1080,Medium,52,67,76
Ryzen 5 7600X,6,12,105,RTX 3090,RTX 3000,24,936,300,405,8.33,16,2560x1440,Ultra,45,56,63
Ryzen 9 7950X3D,16,32,170,RTX 3060,RTX 3000,12,360,120,290,2.03,32,3840x2160,Low,38,46,59
Intel i3-12100F,4,8,58,RX 6700 XT,RX 6000,12,384,200,258,8.75,8,1920x1080,Medium,50,72,86
Intel i5-12400F,6,12,65,RX 7600,RX 7000,8,288,300,365,5.0,8,3840x2160,Ultra,17,22,24
Ryzen 3 4100,4,8,65,RTX 4060,RTX 4000,8,272,150,215,8.75,8,1920x1080,Ultra,32,45,50
Ryzen 3 4100,4,8,65,RTX 4080 Super,RTX 4000,16,742,150,215,13.5,8,2560x1440,Ultra,47,62,75
Ryzen 5 5600X,6,12,65,GTX 1070,GTX 1000,8,256,120,185,4.58,8,3840x2160,Low,31,41,49
Intel i9-12900K,16,24,125,GTX 1070,GTX 1000,8,256,120,245,2.29,32,2560x1440,Ultra,27,35,44
Intel i5-12400F,6,12,65,RTX 3080,RTX 3000,10,760,300,365,7.92,16,1920x1080,Ultra,43,61,78
Intel i5-12400F,6,12,65,RTX 3060,RTX 3000,12,360,250,315,5.42,8,2560x1440,Low,54,67,83
Intel i5-12600K,10,16,125,RTX 4070,RTX 4000,12,504,200,325,5.31,32,1920x1080,Medium,66,88,112
Ryzen 7 7800X3D,8,16,120,GTX 1650 Super,GTX 1000,4,192,150,270,2.5,32,3840x2160,Low,24,33,36
Intel i5-12600K,10,16,125,RTX 4080,RTX 4000,16,716,250,375,6.56,16,3840x2160,Ultra,31,43,55
Intel i9-14900K,24,32,125,RTX 4080 Super,RTX 4000,16,742,300,425,3.38,16,3840x2160,Ultra,35,45,52
Ryzen 5 5600X,6,12,65,RTX 3080 Ti,RTX 3000,12,912,150,215,8.17,8,3840x2160,Low,56,74,93
Ryzen 7 7800X3D,8,16,120,RTX 4070 Ti,RTX 4000,12,576,200,320,5.62,8,2560x1440,Low,64,86,100
Intel i7-12700F,12,20,65,GTX 1650 Super,GTX 1000,4,192,120,185,2.0,16,1920x1080,Medium,30,39,46
Intel i5-12600K,10,16,125,RTX 4080 Super,RTX 4000,16,742,200,325,6.75,32,3840x2160,Low,63,85,100
Ryzen 9 5900X,12,24,105,RX 6600,RX 6000,8,224,200,305,2.29,32,1920x1080,Medium,44,55,62
Ryzen 5 5600X,6,12,65,RTX 4090,RTX 4000,24,1012,120,185,10.0,8,2560x1440,Medium,72,98,113
Ryzen 7 5800X,8,16,105,RTX 3090,RTX 3000,24,936,120,225,6.25,32,1920x1080,Ultra,54,71,80
Ryzen 7 7800X3D,8,16,120,RTX 4080,RTX 4000,16,716,300,420,6.56,16,3840x2160,Ultra,35,47,59
Intel i7-13700K,16,24,125,RTX 4070,RTX 4000,12,504,200,325,3.54,16,2560x1440,Medium,59,70,90
Ryzen 9 7950X3D,16,32,170,RTX 3080 Ti,RTX 3000,12,912,300,470,3.06,16,2560x1440,Ultra,46,61,68
Intel i9-13900K,24,32,125,RTX 3060,RTX 3000,12,360,200,325,2.03,32,3840x2160,Low,40,50,59
Intel i5-12600K,10,16,125,RX 6700 XT,RX 6000,12,384,250,375,4.38,8,3840x2160,Ultra,24,33,40
Ryzen 7 7800X3D,8,16,120,GTX 1060,GTX 1000,6,192,250,370,2.81,32,2560x1440,Ultra,19,25,32
Intel i5-12400F,6,12,65,RTX 4070 Super,RTX 4000,12,504,300,365,7.33,8,3840x2160,Low,56,71,83
Intel i5-12400F,6,12,65,RX 6600 XT,RX 6000,8,256,300,365,5.0,8,2560x1440,Ultra,22,30,36
Intel i9-14900K,24,32,125,RX 6800 XT,RX 6000,16,512,200,325,2.66,16,2560x1440,Ultra,41,53,63
Intel i3-12100F,4,8,58,RX 7600,RX 7000,8,288,150,208,7.5,16,1920x1080,High,39,55,69
Ryzen 7 5800X,8,16,105,RTX 4070,RTX 4000,12,504,250,355,5.31,8,2560x1440,Ultra,37,50,55
Ryzen 5 7600X,6,12,105,GTX 1060,GTX 1000,6,192,150,255,3.75,32,2560x1440,Low,34,42,51
Intel i9-14900K,24,32,125,RX 7900 XTX,RX 7000,24,960,250,375,3.28,16,1920x1080,Medium,88,105,120
Intel i9-12900K,16,24,125,RTX 3060,RTX 3000,12,360,300,425,2.71,16,3840x2160,Ultra,19,24,27
Ryzen 9 5900X,12,24,105,RX 6600,RX 6000,8,224,300,405,2.29,8,1920x1080,Medium,41,52,65
Intel i7-12700F,12,20,65,RTX 3060,RTX 3000,12,360,300,365,3.25,8,2560x1440,High,34,46,58
Ryzen 5 7600X,6,12,105,RX 6600,RX 6000,8,224,150,255,4.58,32,3840x2160,Ultra,15,21,25
Ryzen 5 5600X,6,12,65,GTX 1070,GTX 1000,8,256,150,215,4.58,16,3840x2160,Medium,23,31,35
Ryzen 7 7800X3D,8,16,120,RX 6700 XT,RX 6000,12,384,150,270,4.38,32,3840x2160,Medium,32,44,53
Intel i9-12900K,16,24,125,RX 7700 XT,RX 7000,12,432,200,325,3.12,8,2560x1440,Medium,46,61,67
Intel i3-12100F,4,8,58,RX 7700 XT,RX 7000,12,432,250,308,9.38,16,1920x1080,Medium,61,79,94
Ryzen 9 5900X,12,24,105,RX 6800 XT,RX 6000,16,512,120,225,3.54,8,2560x1440,Medium,58,72,82
Ryzen 3 4100,4,8,65,RTX 3080,RTX 3000,10,760,250,315,11.88,8,3840x2160,High,43,55,68
Intel i7-12700F,12,20,65,GTX 1660,GTX 1000,6,192,300,365,2.5,32,2560x1440,High,27,39,48
Intel i9-13900K,24,32,125,RX 6800,RX 6000,16,512,120,245,2.5,16,1920x1080,Medium,58,83,95
Ryzen 9 7950X,16,32,170,GTX 1660,GTX 1000,6,192,250,420,1.56,32,1920x1080,Medium,37,50,62
Intel i9-12900K,16,24,125,GTX 1650 Super,GTX 1000,4,192,150,275,1.67,8,1920x1080,Medium,31,40,48
Ryzen 5 7600X,6,12,105,RTX 4060,RTX 4000,8,272,250,355,5.83,32,2560x1440,High,44,55,61
Intel i5-12400F,6,12,65,RTX 4090,RTX 4000,24,1012,150,215,10.0,32,3840x2160,Medium,59,81,100
Ryzen 7 7800X3D,8,16,120,RX 7700 XT,RX 7000,12,432,120,240,4.69,32,1920x1080,High,47,62,76
Ryzen 7 7800X3D,8,16,120,RX 7800 XT,RX 7000,16,624,200,320,5.31,32,3840x2160,High,38,51,65
Intel i3-12100F,4,8,58,GTX 1070,GTX 1000,8,256,300,358,6.88,32,3840x2160,Ultra,19,26,28
Ryzen 7 7800X3D,8,16,120,RTX 3070,RTX 3000,8,448,300,420,5.0,16,2560x1440,Medium,53,65,75
Intel i7-13700K,16,24,125,RX 7700 XT,RX 7000,12,432,120,245,3.12,8,2560x1440,Low,58,72,85
Intel i9-12900K,16,24,125,RX 6800 XT,RX 6000,16,512,200,325,3.54,16,2560x1440,Low,66,83,93
Intel i9-12900K,16,24,125,RTX 4090,RTX 4000,24,1012,120,245,5.0,16,1920x1080,High,77,97,119
Ryzen 7 7800X3D,8,16,120,RTX 4070,RTX 4000,12,504,250,370,5.31,16,3840x2160,Medium,45,56,61
Intel i5-12600K,10,16,125,GTX 1650 Super,GTX 1000,4,192,120,245,2.5,32,3840x2160,Medium,18,27,33
Ryzen 9 5900X,12,24,105,GTX 1650 Super,GTX 1000,4,192,200,305,1.67,8,2560x1440,Low,31,39,43
Ryzen 7 5800X,8,16,105,RTX 4070,RTX 4000,12,504,300,405,5.31,8,1920x1080,Ultra,48,60,66
Intel i3-12100F,4,8,58,Intel Arc A770,Intel Arc,16,560,300,358,8.12,32,2560x1440,High,35,44,56
Ryzen 9 7950X,16,32,170,RTX 3070,RTX 3000,8,448,250,420,2.5,8,1920x1080,Low,77,98,115
Ryzen 5 7600X,6,12,105,GTX 1650 Super,GTX 1000,4,192,300,405,3.33,32,1920x1080,High,22,29,35
Ryzen 5 5600X,6,12,65,RTX 2070,RTX 2000,8,448,200,265,5.83,8,3840x2160,High,29,38,47
Intel i5-12400F,6,12,65,RTX 3080 Ti,RTX 3000,12,912,120,185,8.17,8,2560x1440,Ultra,43,55,61
Ryzen 7 5800X,8,16,105,RTX 4070 Ti,RTX 4000,12,576,250,355,5.62,32,1920x1080,Ultra,48,62,70
Intel i5-12600K,10,16,125,RTX 2070,RTX 2000,8,448,250,375,4.38,8,3840x2160,Low,36,52,57
Ryzen 5 5600X,6,12,65,RX 7800 XT,RX 7000,16,624,150,215,7.08,32,2560x1440,Ultra,39,49,59
Ryzen 3 4100,4,8,65,GTX 1070,GTX 1000,8,256,200,265,6.88,32,2560x1440,Low,50,60,67
Ryzen 7 7800X3D,8,16,120,GTX 1060,GTX 1000,6,192,250,370,2.81,32,2560x1440,Ultra,22,31,35
Intel i7-12700F,12,20,65,RX 6900 XT,RX 6000,16,512,120,185,4.5,16,3840x2160,Low,56,71,80
Intel i7-13700K,16,24,125,RTX 2060,RTX 2000,6,336,150,275,2.5,16,1920x1080,Ultra,34,42,52
Ryzen 7 5800X,8,16,105,GTX 1650 Super,GTX 1000,4,192,250,355,2.5,32,3840x2160,High,20,25,27
Ryzen 3 4100,4,8,65,RX 7900 XTX,RX 7000,24,960,300,365,13.12,32,1920x1080,High,74,94,112
Ryzen 7 5800X,8,16,105,RTX 2080 Ti,RTX 2000,11,616,120,225,5.31,16,2560x1440,Medium,55,68,86
Intel i9-14900K,24,32,125,RX 7800 XT,RX 7000,16,624,150,275,2.66,8,1920x1080,Low,76,99,116
Intel i9-12900K,16,24,125,RTX 2080,RTX 2000,8,448,200,325,3.33,8,3840x2160,Ultra,25,34,42
Intel i5-12600K,10,16,125,RTX 4070 Super,RTX 4000,12,504,250,375,5.5,8,1920x1080,Low,79,102,113
Intel i5-12600K,10,16,125,RX 6900 XT,RX 6000,16,512,200,325,5.62,16,2560x1440,High,46,60,70
Ryzen 5 5600X,6,12,65,RTX 3080 Ti,RTX 3000,12,912,300,365,8.17,32,2560x1440,High,63,75,94
Intel i9-14900K,24,32,125,Intel Arc A750,Intel Arc,8,512,120,245,1.72,8,1920x1080,Ultra,26,35,44
Ryzen 5 7600X,6,12,105,RTX 2060,RTX 2000,6,336,150,255,5.0,32,3840x2160,Ultra,20,29,34
Ryzen 9 5900X,12,24,105,RX 7700 XT,RX 7000,12,432,300,405,3.12,32,1920x1080,Medium,50,72,82
Ryzen 9 5900X,12,24,105,RTX 4070 Super,RTX 4000,12,504,120,225,3.67,32,2560x1440,Low,61,85,107
Intel i5-12400F,6,12,65,RX 6800,RX 6000,16,512,250,315,6.67,8,3840x2160,Medium,40,49,62
Ryzen 5 7600X,6,12,105,RTX 4070 Ti,RTX 4000,12,576,300,405,7.5,8,2560x1440,High,43,60,75
Intel i7-12700F,12,20,65,Intel Arc A750,Intel Arc,8,512,150,215,2.75,16,1920x1080,Medium,41,54,65
Ryzen 9 7950X,16,32,170,RTX 4070,RTX 4000,12,504,300,470,2.66,8,2560x1440,High,46,57,66
Intel i5-12400F,6,12,65,RTX 3070,RTX 3000,8,448,120,185,6.67,8,2560x1440,Medium,59,70,82
Ryzen 5 5600X,6,12,65,RTX 3090,RTX 3000,24,936,120,185,8.33,16,1920x1080,Low,96,123,148
Ryzen 9 7950X,16,32,170,GTX 1080 Ti,GTX 1000,11,484,150,320,2.03,8,1920x1080,Low,59,73,83
Ryzen 7 7800X3D,8,16,120,RTX 4070 Super,RTX 4000,12,504,120,240,5.5,32,3840x2160,Low,57,69,76
Intel i9-13900K,24,32,125,RX 6800 XT,RX 6000,16,512,300,425,2.66,16,1920x1080,Low,82,98,108
Ryzen 9 5900X,12,24,105,RX 6600 XT,RX 6000,8,256,150,255,2.5,16,2560x1440,Low,45,63,72
Ryzen 3 4100,4,8,65,RTX 4090,RTX 4000,24,1012,250,315,15.0,8,2560x1440,Medium,81,103,126
Ryzen 9 5900X,12,24,105,RX 7600,RX 7000,8,288,300,405,2.5,16,1920x1080,Low,53,70,85
Intel i9-14900K,24,32,125,RTX 2070,RTX 2000,8,448,300,425,2.19,16,2560x1440,High,39,51,65
Ryzen 5 7600X,6,12,105,RX 6600,RX 6000,8,224,200,305,4.58,8,2560x1440,Medium,32,44,56
Intel i5-12400F,6,12,65,RX 7600,RX 7000,8,288,150,215,5.0,32,3840x2160,High,32,38,42
Ryzen 3 4100,4,8,65,RTX 2080 Ti,RTX 2000,11,616,150,215,10.62,16,1920x1080,Ultra,53,63,71
Ryzen 5 7600X,6,12,105,RTX 4080 Super,RTX 4000,16,742,300,405,9.0,32,3840x2160,Low,72,86,104
Intel i9-13900K,24,32,125,RX 7700 XT,RX 7000,12,432,150,275,2.34,8,3840x2160,High,29,41,47
Intel i3-12100F,4,8,58,RX 7900 XTX,RX 7000,24,960,150,208,13.12,16,2560x1440,Low,81,111,124
Ryzen 5 7600X,6,12,105,RTX 2080 Ti,RTX 2000,11,616,300,405,7.08,32,1920x1080,Medium,62,87,97
Ryzen 7 5800X,8,16,105,GTX 1060,GTX 1000,6,192,150,255,2.81,32,2560x1440,Ultra,16,22,24
Ryzen 9 5900X,12,24,105,RX 7700 XT,RX 7000,12,432,300,405,3.12,8,3840x2160,High,33,43,54
Ryzen 7 5800X,8,16,105,RTX 3080,RTX 3000,10,760,120,225,5.94,16,3840x2160,Medium,47,59,66
Ryzen 7 7800X3D,8,16,120,RTX 2080,RTX 2000,8,448,150,270,5.0,32,1920x1080,High,51,65,83
Ryzen 5 7600X,6,12,105,GTX 1060,GTX 1000,6,192,200,305,3.75,16,1920x1080,High,28,34,38
Ryzen 9 7950X,16,32,170,RTX 2060,RTX 2000,6,336,120,290,1.88,8,2560x1440,Medium,39,52,65
Intel i5-12400F,6,12,65,RX 6600,RX 6000,8,224,300,365,4.58,8,2560x1440,Ultra,27,36,42
Ryzen 7 7800X3D,8,16,120,GTX 1080 Ti,GTX 1000,11,484,120,240,4.06,8,2560x1440,Medium,44,54,59
Ryzen 5 7600X,6,12,105,RTX 3090,RTX 3000,24,936,300,405,8.33,16,1920x1080,Low,87,116,144
Intel i5-12600K,10,16,125,RTX 4080,RTX 4000,16,716,250,375,6.56,32,3840x2160,Ultra,36,43,48
Intel i9-12900K,16,24,125,RTX 2080 Ti,RTX 2000,11,616,300,425,3.54,8,1920x1080,High,57,76,92
Ryzen 3 4100,4,8,65,RTX 4060,RTX 4000,8,272,150,215,8.75,8,2560x1440,Medium,42,54,68
Intel i5-12400F,6,12,65,RTX 4070 Super,RTX 4000,12,504,150,215,7.33,8,1920x1080,Ultra,47,59,71
Intel i7-12700F,12,20,65,RTX 2070,RTX 2000,8,448,200,265,3.5,32,1920x1080,Medium,47,67,85
Ryzen 7 7800X3D,8,16,120,RX 7600,RX 7000,8,288,250,370,3.75,8,2560x1440,High,33,44,51
Ryzen 7 5800X,8,16,105,RTX 3060,RTX 3000,12,360,300,405,4.06,16,2560x1440,Low,48,65,82
Intel i5-12400F,6,12,65,Intel Arc A750,Intel Arc,8,512,300,365,4.58,8,3840x2160,Low,36,44,52
Intel i9-14900K,24,32,125,RTX 2080 Ti,RTX 2000,11,616,150,275,2.66,32,2560x1440,Ultra,43,52,63
Ryzen 9 7950X3D,16,32,170,RTX 4070,RTX 4000,12,504,300,470,2.66,32,1920x1080,Ultra,42,54,64
Intel i7-13700K,16,24,125,GTX 1660,GTX 1000,6,192,250,375,2.08,8,2560x1440,Medium,38,47,52
Intel i5-12600K,10,16,125,RX 6800,RX 6000,16,512,120,245,5.0,32,1920x1080,Medium,64,77,98
Intel i5-12600K,10,16,125,RX 6600,RX 6000,8,224,120,245,3.44,32,3840x2160,Ultra,17,23,27
Ryzen 9 5900X,12,24,105,GTX 1660,GTX 1000,6,192,120,225,2.08,8,2560x1440,Medium,33,43,55
Intel i7-12700F,12,20,65,GTX 1080 Ti,GTX 1000,11,484,250,315,3.25,16,2560x1440,High,35,44,53
Intel i5-12400F,6,12,65,RTX 3060,RTX 3000,12,360,250,315,5.42,8,2560x1440,Ultra,31,39,46
Ryzen 5 7600X,6,12,105,RTX 3080 Ti,RTX 3000,12,912,200,305,8.17,16,1920x1080,Ultra,50,72,90
Ryzen 5 5600X,6,12,65,RTX 4090,RTX 4000,24,1012,200,265,10.0,8,2560x1440,Low,99,118,140
Ryzen 3 4100,4,8,65,RX 6700 XT,RX 6000,12,384,250,315,8.75,8,3840x2160,Low,45,54,63
Ryzen 7 5800X,8,16,105,RTX 2080 Ti,RTX 2000,11,616,300,405,5.31,8,3840x2160,Medium,41,53,59
Intel i3-12100F,4,8,58,RTX 3060,RTX 3000,12,360,150,208,8.12,8,1920x1080,Medium,47,62,79
Ryzen 3 4100,4,8,65,RTX 4070 Super,RTX 4000,12,504,250,315,11.0,32,2560x1440,Ultra,44,56,64
Ryzen 9 7950X,16,32,170,RTX 3060,RTX 3000,12,360,120,290,2.03,16,2560x1440,High,35,43,53
Ryzen 5 5600X,6,12,65,RTX 2070,RTX 2000,8,448,150,215,5.83,8,2560x1440,Low,60,74,84
Intel i9-14900K,24,32,125,RTX 3070,RTX 3000,8,448,120,245,2.5,32,2560x1440,Ultra,34,42,52
Ryzen 9 7950X3D,16,32,170,GTX 1650 Super,GTX 1000,4,192,200,370,1.25,32,3840x2160,Medium,21,29,35
Ryzen 3 4100,4,8,65,RX 6800,RX 6000,16,512,300,365,10.0,16,2560x1440,High,42,55,67
Ryzen 7 7800X3D,8,16,120,GTX 1080 Ti,GTX 1000,11,484,120,240,4.06,32,1920x1080,High,44,56,64
Ryzen 9 7950X3D,16,32,170,GTX 1060,GTX 1000,6,192,200,370,1.41,32,2560x1440,High,22,30,36
Intel i9-13900K,24,32,125,Intel Arc A750,Intel Arc,8,512,200,325,1.72,8,3840x2160,Medium,31,38,46
Intel i7-13700K,16,24,125,RTX 2070,RTX 2000,8,448,120,245,2.92,16,3840x2160,Ultra,22,29,34
Intel i9-13900K,24,32,125,RTX 4080,RTX 4000,16,716,200,325,3.28,32,3840x2160,Medium,55,68,87
Ryzen 5 5600X,6,12,65,Intel Arc A770,Intel Arc,16,560,300,365,5.42,16,3840x2160,Medium,27,38,43
Intel i9-12900K,16,24,125,RTX 4080,RTX 4000,16,716,200,325,4.38,8,3840x2160,Low,64,80,92
Ryzen 7 5800X,8,16,105,RTX 3090,RTX 3000,24,936,300,405,6.25,16,3840x2160,High,44,58,73
Intel i5-12600K,10,16,125,RX 7600,RX 7000,8,288,150,275,3.75,32,1920x1080,Low,52,70,77
Intel i7-13700K,16,24,125,RTX 3060 Ti,RTX 3000,8,448,150,275,2.92,32,2560x1440,Ultra,38,45,50
Intel i5-12600K,10,16,125,RX 7700 XT,RX 7000,12,432,150,275,4.69,16,2560x1440,Medium,45,65,75
Intel i9-12900K,16,24,125,RX 7700 XT,RX 7000,12,432,250,375,3.12,32,1920x1080,Medium,56,74,87
Ryzen 7 7800X3D,8,16,120,RTX 2060,RTX 2000,6,336,300,420,3.75,32,1920x1080,Medium,40,58,67
Intel i9-13900K,24,32,125,RTX 2070,RTX 2000,8,448,200,325,2.19,32,3840x2160,Low,41,56,71
Intel i7-13700K,16,24,125,GTX 1080 Ti,GTX 1000,11,484,250,375,2.71,8,2560x1440,High,29,42,54
Ryzen 5 7600X,6,12,105,RX 6800,RX 6000,16,512,150,255,6.67,16,3840x2160,Medium,43,56,70
Ryzen 7 7800X3D,8,16,120,RTX 2070,RTX 2000,8,448,300,420,4.38,32,1920x1080,Medium,54,74,81
Intel i9-12900K,16,24,125,GTX 1660,GTX 1000,6,192,120,245,2.08,16,2560x1440,Low,39,54,65
Intel i5-12400F,6,12,65,GTX 1080 Ti,GTX 1000,11,484,300,365,5.42,8,3840x2160,Low,39,52,61
Ryzen 3 4100,4,8,65,RX 7600,RX 7000,8,288,120,185,7.5,8,3840x2160,Medium,31,40,46
Ryzen 3 4100,4,8,65,GTX 1650 Super,GTX 1000,4,192,120,185,5.0,32,2560x1440,Low,30,42,47
Ryzen 9 7950X3D,16,32,170,RTX 3060 Ti,RTX 3000,8,448,250,420,2.19,16,3840x2160,Medium,40,48,56
Ryzen 5 5600X,6,12,65,Intel Arc A770,Intel Arc,16,560,120,185,5.42,8,1920x1080,Ultra,36,47,53
Intel i5-12600K,10,16,125,GTX 1660,GTX 1000,6,192,120,245,3.12,8,3840x2160,Ultra,22,27,30
Ryzen 3 4100,4,8,65,RTX 3080,RTX 3000,10,760,120,185,11.88,16,2560x1440,High,48,68,77
Ryzen 5 5600X,6,12,65,RTX 4070 Super,RTX 4000,12,504,120,185,7.33,16,3840x2160,High,36,51,63
Intel i3-12100F,4,8,58,GTX 1650 Super,GTX 1000,4,192,120,178,5.0,16,3840x2160,Medium,18,24,29
Ryzen 7 5800X,8,16,105,RTX 4080,RTX 4000,16,716,250,355,6.56,16,1920x1080,Low,96,125,158
Ryzen 9 5900X,12,24,105,Intel Arc A770,Intel Arc,16,560,120,225,2.71,32,1920x1080,Medium,56,67,85
Ryzen 9 5900X,12,24,105,RX 7600,RX 7000,8,288,150,255,2.5,8,3840x2160,Ultra,22,28,34
Ryzen 9 7950X3D,16,32,170,RX 7700 XT,RX 7000,12,432,300,470,2.34,16,1920x1080,Ultra,34,47,54
Intel i9-14900K,24,32,125,RTX 4080,RTX 4000,16,716,250,375,3.28,16,3840x2160,Low,61,83,97
Intel i7-13700K,16,24,125,RTX 2080 Ti,RTX 2000,11,616,120,245,3.54,32,1920x1080,Medium,72,88,112
Ryzen 9 7950X3D,16,32,170,RTX 4070 Ti,RTX 4000,12,576,250,420,2.81,16,1920x1080,High,52,72,88
Intel i9-14900K,24,32,125,GTX 1070,GTX 1000,8,256,120,245,1.72,32,2560x1440,Ultra,26,32,38
Ryzen 9 7950X3D,16,32,170,RTX 2070,RTX 2000,8,448,300,470,2.19,16,1920x1080,Ultra,34,44,55
Ryzen 5 5600X,6,12,65,RX 7800 XT,RX 7000,16,624,120,185,7.08,32,3840x2160,Medium,47,56,65
Intel i9-14900K,24,32,125,RX 6900 XT,RX 6000,16,512,150,275,2.81,32,2560x1440,Ultra,44,55,61
Intel i3-12100F,4,8,58,RTX 4080,RTX 4000,16,716,150,208,13.12,32,2560x1440,High,61,76,84
Ryzen 9 7950X3D,16,32,170,GTX 1650 Super,GTX 1000,4,192,250,420,1.25,8,3840x2160,Ultra,10,15,16
Intel i9-13900K,24,32,125,RX 6900 XT,RX 6000,16,512,300,425,2.81,8,1920x1080,High,55,79,96
Intel i7-12700F,12,20,65,RX 6800 XT,RX 6000,16,512,250,315,4.25,16,2560x1440,Medium,54,67,81
Ryzen 9 7950X3D,16,32,170,RX 7800 XT,RX 7000,16,624,300,470,2.66,32,1920x1080,Medium,62,88,108
Ryzen 5 7600X,6,12,105,RX 7800 XT,RX 7000,16,624,200,305,7.08,32,2560x1440,Ultra,43,54,62
Ryzen 5 5600X,6,12,65,RX 6800 XT,RX 6000,16,512,300,365,7.08,16,1920x1080,Medium,71,86,103
Ryzen 5 7600X,6,12,105,RTX 3070,RTX 3000,8,448,150,255,6.67,32,1920x1080,Medium,65,82,105
Intel i9-12900K,16,24,125,RX 7800 XT,RX 7000,16,624,300,425,3.54,32,3840x2160,High,32,43,51
Ryzen 9 5900X,12,24,105,RTX 4060,RTX 4000,8,272,120,225,2.92,32,2560x1440,Low,50,67,74
Intel i9-13900K,24,32,125,RTX 4090,RTX 4000,24,1012,200,325,3.75,32,1920x1080,High,81,99,122
Intel i9-13900K,24,32,125,RTX 2080,RTX 2000,8,448,150,275,2.5,8,2560x1440,Ultra,38,48,58
Ryzen 7 7800X3D,8,16,120,RTX 3080 Ti,RTX 3000,12,912,200,320,6.12,32,3840x2160,High,46,55,64
Intel i5-12400F,6,12,65,RTX 2060,RTX 2000,6,336,150,215,5.0,8,3840x2160,High,27,34,43
Ryzen 7 5800X,8,16,105,RTX 3060 Ti,RTX 3000,8,448,150,255,4.38,16,3840x2160,Medium,37,44,49
Intel i7-12700F,12,20,65,RX 6600,RX 6000,8,224,200,265,2.75,16,1920x1080,Ultra,28,39,47
Intel i3-12100F,4,8,58,RTX 4080,RTX 4000,16,716,300,358,13.12,8,2560x1440,Medium,63,85,94
Ryzen 5 5600X,6,12,65,RX 7700 XT,RX 7000,12,432,150,215,6.25,8,3840x2160,High,32,44,50
Intel i5-12600K,10,16,125,RX 7800 XT,RX 7000,16,624,150,275,5.31,32,1920x1080,Ultra,42,59,67
Ryzen 5 7600X,6,12,105,RTX 4080,RTX 4000,16,716,300,405,8.75,8,2560x1440,High,63,80,95
Intel i3-12100F,4,8,58,GTX 1660,GTX 1000,6,192,150,208,6.25,16,3840x2160,High,19,25,32
Intel i5-12400F,6,12,65,RTX 4070 Ti,RTX 4000,12,576,300,365,7.5,16,2560x1440,Low,71,89,98
Ryzen 7 5800X,8,16,105,RX 7800 XT,RX 7000,16,624,300,405,5.31,16,3840x2160,Ultra,28,34,38
Intel i5-12600K,10,16,125,GTX 1080 Ti,GTX 1000,11,484,250,375,4.06,32,1920x1080,Low,58,73,91
Intel i7-12700F,12,20,65,RTX 3070,RTX 3000,8,448,120,185,4.0,32,3840x2160,Ultra,27,39,48
Ryzen 9 7950X,16,32,170,RTX 4080,RTX 4000,16,716,300,470,3.28,8,1920x1080,Low,99,121,146
Intel i9-14900K,24,32,125,RTX 3090,RTX 3000,24,936,120,245,3.12,16,2560x1440,Ultra,45,60,66
Intel i3-12100F,4,8,58,GTX 1060,GTX 1000,6,192,200,258,5.62,32,3840x2160,Low,28,38,45
Ryzen 5 5600X,6,12,65,GTX 1070,GTX 1000,8,256,300,365,4.58,16,2560x1440,Ultra,24,31,37
Intel i9-14900K,24,32,125,GTX 1650 Super,GTX 1000,4,192,200,325,1.25,32,3840x2160,Ultra,12,16,18
Intel i3-12100F,4,8,58,Intel Arc A750,Intel Arc,8,512,120,178,6.88,8,1920x1080,Low,50,66,79
Ryzen 5 5600X,6,12,65,RTX 3070,RTX 3000,8,448,150,215,6.67,8,3840x2160,High,34,43,51
Intel i9-12900K,16,24,125,RTX 3080,RTX 3000,10,760,120,245,3.96,8,3840x2160,High,38,48,58
Ryzen 9 7950X,16,32,170,GTX 1060,GTX 1000,6,192,200,370,1.41,16,2560x1440,Low,33,41,49
Ryzen 7 5800X,8,16,105,GTX 1650 Super,GTX 1000,4,192,250,355,2.5,8,3840x2160,Medium,16,23,26
Ryzen 9 7950X,16,32,170,RTX 4080,RTX 4000,16,716,200,370,3.28,32,3840x2160,High,45,58,68
Ryzen 9 5900X,12,24,105,Intel Arc A770,Intel Arc,16,560,200,305,2.71,8,1920x1080,High,46,58,71
Ryzen 7 5800X,8,16,105,GTX 1650 Super,GTX 1000,4,192,300,405,2.5,16,3840x2160,High,15,21,24
Intel i7-12700F,12,20,65,RTX 3060,RTX 3000,12,360,200,265,3.25,16,3840x2160,Low,38,54,65
Intel i5-12600K,10,16,125,GTX 1060,GTX 1000,6,192,120,245,2.81,32,1920x1080,Low,44,54,61
Ryzen 3 4100,4,8,65,RX 7600,RX 7000,8,288,200,265,7.5,16,3840x2160,Medium,30,37,45
Intel i7-13700K,16,24,125,RX 6900 XT,RX 6000,16,512,300,425,3.75,16,3840x2160,Low,47,68,78
Intel i9-12900K,16,24,125,RX 7800 XT,RX 7000,16,624,150,275,3.54,8,1920x1080,Ultra,47,56,68
Ryzen 9 7950X3D,16,32,170,RTX 4080 Super,RTX 4000,16,742,150,320,3.38,16,1920x1080,Medium,77,105,120
Ryzen 7 5800X,8,16,105,RX 6600,RX 6000,8,224,300,405,3.44,8,2560x1440,Ultra,22,28,31
Ryzen 3 4100,4,8,65,RTX 3090,RTX 3000,24,936,120,185,12.5,16,3840x2160,Medium,49,66,81
Ryzen 3 4100,4,8,65,RX 6600,RX 6000,8,224,300,365,6.88,16,1920x1080,Ultra,30,41,51
Intel i3-12100F,4,8,58,RX 7800 XT,RX 7000,16,624,150,208,10.62,8,1920x1080,Ultra,43,56,64
Intel i9-12900K,16,24,125,Intel Arc A770,Intel Arc,16,560,250,375,2.71,32,2560x1440,Low,51,63,78
Ryzen 9 7950X3D,16,32,170,RX 7600,RX 7000,8,288,300,470,1.88,32,1920x1080,Medium,44,63,69
Intel i9-12900K,16,24,125,GTX 1650 Super,GTX 1000,4,192,300,425,1.67,32,3840x2160,Low,19,27,34
Ryzen 7 7800X3D,8,16,120,RTX 2070,RTX 2000,8,448,250,370,4.38,8,3840x2160,High,27,35,41
Intel i9-12900K,16,24,125,RTX 3080,RTX 3000,10,760,200,325,3.96,32,2560x1440,Medium,60,83,102
Intel i9-12900K,16,24,125,RTX 4080,RTX 4000,16,716,300,425,4.38,8,2560x1440,Low,75,105,115
Ryzen 9 5900X,12,24,105,Intel Arc A750,Intel Arc,8,512,300,405,2.29,8,3840x2160,Low,33,42,46
Intel i7-12700F,12,20,65,GTX 1070,GTX 1000,8,256,250,315,2.75,32,2560x1440,Medium,32,47,60
Ryzen 9 5900X,12,24,105,RTX 4070 Super,RTX 4000,12,504,200,305,3.67,8,1920x1080,Ultra,50,65,81
Intel i7-12700F,12,20,65,RX 6800,RX 6000,16,512,300,365,4.0,16,1920x1080,High,58,70,78
Ryzen 9 5900X,12,24,105,RTX 3090,RTX 3000,24,936,300,405,4.17,32,1920x1080,Low,85,122,146
Intel i3-12100F,4,8,58,RX 6600,RX 6000,8,224,250,308,6.88,32,3840x2160,Medium,28,38,42
Ryzen 3 4100,4,8,65,RTX 3090,RTX 3000,24,936,150,215,12.5,32,3840x2160,Ultra,32,44,54
Ryzen 9 5900X,12,24,105,RX 7600,RX 7000,8,288,200,305,2.5,32,1920x1080,High,37,51,59
Ryzen 7 7800X3D,8,16,120,GTX 1650 Super,GTX 1000,4,192,120,240,2.5,32,3840x2160,Low,22,28,36
Intel i9-13900K,24,32,125,RX 7800 XT,RX 7000,16,624,250,375,2.66,32,2560x1440,High,49,62,68
Intel i3-12100F,4,8,58,GTX 1070,GTX 1000,8,256,120,178,6.88,32,1920x1080,Ultra,26,37,42
Intel i5-12400F,6,12,65,RX 6600,RX 6000,8,224,150,215,4.58,32,2560x1440,High,31,44,55
Ryzen 9 7950X3D,16,32,170,RX 6800 XT,RX 6000,16,512,300,470,2.66,32,1920x1080,Medium,69,89,101
Intel i9-14900K,24,32,125,Intel Arc A770,Intel Arc,16,560,200,325,2.03,16,3840x2160,Low,33,48,54
Ryzen 7 7800X3D,8,16,120,RTX 4080 Super,RTX 4000,16,742,120,240,6.75,16,3840x2160,Ultra,38,50,62
Intel i5-12600K,10,16,125,RTX 4060,RTX 4000,8,272,150,275,4.38,16,3840x2160,High,31,43,52
Ryzen 9 7950X,16,32,170,RX 6600 XT,RX 6000,8,256,300,470,1.88,16,3840x2160,Low,33,43,52
Ryzen 5 5600X,6,12,65,RTX 4080,RTX 4000,16,716,250,315,8.75,32,1920x1080,High,72,92,113
Ryzen 9 7950X3D,16,32,170,RTX 3080 Ti,RTX 3000,12,912,120,290,3.06,32,2560x1440,Ultra,44,57,63
Ryzen 3 4100,4,8,65,GTX 1060,GTX 1000,6,192,200,265,5.62,32,2560x1440,Medium,32,40,47
Intel i3-12100F,4,8,58,RTX 3090,RTX 3000,24,936,300,358,12.5,8,1920x1080,High,67,83,96
Intel i9-12900K,16,24,125,RX 7600,RX 7000,8,288,150,275,2.5,8,2560x1440,High,34,47,60
Ryzen 9 7950X3D,16,32,170,RTX 3060 Ti,RTX 3000,8,448,300,470,2.19,16,1920x1080,Medium,48,67,77
Ryzen 7 5800X,8,16,105,Intel Arc A750,Intel Arc,8,512,300,405,3.44,8,1920x1080,Low,53,67,81
Intel i5-12400F,6,12,65,RX 7600,RX 7000,8,288,200,265,5.0,16,2560x1440,High,39,47,57
Ryzen 9 7950X3D,16,32,170,RTX 3060,RTX 3000,12,360,250,420,2.03,16,3840x2160,High,25,33,36
Ryzen 9 7950X3D,16,32,170,RTX 2080,RTX 2000,8,448,120,290,2.5,16,3840x2160,High,38,47,55
Ryzen 9 7950X,16,32,170,RTX 4070 Ti,RTX 4000,12,576,200,370,2.81,8,3840x2160,Low,53,71,79
Ryzen 3 4100,4,8,65,RTX 3060,RTX 3000,12,360,150,215,8.12,8,3840x2160,High,27,33,38
Ryzen 9 7950X3D,16,32,170,RX 6800,RX 6000,16,512,250,420,2.5,32,1920x1080,Ultra,43,58,68
Intel i9-12900K,16,24,125,GTX 1650 Super,GTX 1000,4,192,250,375,1.67,8,3840x2160,Medium,22,28,33
Intel i9-13900K,24,32,125,Intel Arc A750,Intel Arc,8,512,300,425,1.72,16,3840x2160,Medium,27,38,45
Ryzen 5 7600X,6,12,105,RX 7700 XT,RX 7000,12,432,150,255,6.25,32,2560x1440,High,40,57,63
Intel i5-12400F,6,12,65,RTX 3070,RTX 3000,8,448,200,265,6.67,32,2560x1440,Ultra,34,43,49
Ryzen 3 4100,4,8,65,RTX 4080 Super,RTX 4000,16,742,300,365,13.5,8,1920x1080,Ultra,59,74,90
Intel i9-12900K,16,24,125,RTX 4060,RTX 4000,8,272,120,245,2.92,32,2560x1440,High,40,50,59
Ryzen 7 7800X3D,8,16,120,RTX 4060,RTX 4000,8,272,300,420,4.38,8,2560x1440,Medium,50,60,71
Ryzen 7 7800X3D,8,16,120,GTX 1060,GTX 1000,6,192,200,320,2.81,16,1920x1080,Medium,31,42,48
Ryzen 7 7800X3D,8,16,120,RTX 4090,RTX 4000,24,1012,150,270,7.5,32,2560x1440,High,73,87,102
Intel i3-12100F,4,8,58,GTX 1650 Super,GTX 1000,4,192,150,208,5.0,32,3840x2160,Medium,18,23,28
Intel i9-12900K,16,24,125,RX 6600 XT,RX 6000,8,256,250,375,2.5,8,1920x1080,Low,58,76,84
Intel i5-12600K,10,16,125,GTX 1080 Ti,GTX 1000,11,484,150,275,4.06,8,2560x1440,Medium,46,56,65
Ryzen 5 5600X,6,12,65,RX 6800 XT,RX 6000,16,512,200,265,7.08,8,3840x2160,Medium,39,55,60
Ryzen 5 7600X,6,12,105,RX 7600,RX 7000,8,288,150,255,5.0,32,2560x1440,High,35,42,52
Ryzen 9 7950X,16,32,170,RX 6800,RX 6000,16,512,200,370,2.5,16,3840x2160,High,32,44,49
Ryzen 7 5800X,8,16,105,RX 6700 XT,RX 6000,12,384,150,255,4.38,16,2560x1440,Medium,42,54,67
Ryzen 7 5800X,8,16,105,RTX 4060,RTX 4000,8,272,120,225,4.38,32,2560x1440,Low,63,75,89
Ryzen 9 5900X,12,24,105,RTX 4060,RTX 4000,8,272,250,355,2.92,8,3840x2160,Medium,32,45,57
Ryzen 7 7800X3D,8,16,120,RTX 3080 Ti,RTX 3000,12,912,300,420,6.12,16,1920x1080,Ultra,46,65,79
Ryzen 3 4100,4,8,65,RTX 4060,RTX 4000,8,272,120,185,8.75,16,3840x2160,High,24,35,39
Ryzen 9 7950X,16,32,170,RX 6800 XT,RX 6000,16,512,120,290,2.66,8,2560x1440,Ultra,34,48,62
Intel i9-12900K,16,24,125,GTX 1080 Ti,GTX 1000,11,484,150,275,2.71,8,2560x1440,High,39,49,56
Intel i3-12100F,4,8,58,RX 7700 XT,RX 7000,12,432,250,308,9.38,16,1920x1080,High,50,61,79
Intel i5-12400F,6,12,65,RTX 4080,RTX 4000,16,716,150,215,8.75,8,1920x1080,Medium,77,102,123
Intel i9-13900K,24,32,125,RTX 3090,RTX 3000,24,936,250,375,3.12,8,2560x1440,Low,85,106,124
Intel i9-14900K,24,32,125,RTX 2080,RTX 2000,8,448,250,375,2.5,32,1920x1080,Ultra,45,58,75
Ryzen 7 7800X3D,8,16,120,RTX 4070,RTX 4000,12,504,120,240,5.31,32,2560x1440,Medium,60,74,89
Ryzen 3 4100,4,8,65,RX 7600,RX 7000,8,288,120,185,7.5,8,3840x2160,High,21,31,38
Intel i9-14900K,24,32,125,RX 6800,RX 6000,16,512,150,275,2.5,8,2560x1440,Low,66,84,99
Intel i3-12100F,4,8,58,RTX 2080,RTX 2000,8,448,150,208,10.0,32,3840x2160,Ultra,27,37,41
Ryzen 9 7950X3D,16,32,170,GTX 1070,GTX 1000,8,256,300,470,1.72,32,3840x2160,High,18,25,28
Intel i7-12700F,12,20,65,GTX 1650 Super,GTX 1000,4,192,250,315,2.0,16,2560x1440,Medium,31,38,47
Intel i9-13900K,24,32,125,RTX 2070,RTX 2000,8,448,250,375,2.19,16,3840x2160,Ultra,25,34,37
Ryzen 5 5600X,6,12,65,RX 7700 XT,RX 7000,12,432,300,365,6.25,32,1920x1080,Medium,59,73,84
Intel i9-12900K,16,24,125,GTX 1060,GTX 1000,6,192,120,245,1.88,16,3840x2160,Medium,19,27,31
Ryzen 7 7800X3D,8,16,120,RTX 3060,RTX 3000,12,360,300,420,4.06,32,1920x1080,High,42,52,64
Ryzen 7 7800X3D,8,16,120,RTX 3060 Ti,RTX 3000,8,448,200,320,4.38,32,3840x2160,Ultra,20,28,33
Intel i7-12700F,12,20,65,GTX 1080 Ti,GTX 1000,11,484,150,215,3.25,8,3840x2160,Low,38,54,68
Intel i7-12700F,12,20,65,RX 7700 XT,RX 7000,12,432,300,365,3.75,8,1920x1080,Low,74,90,110
Ryzen 3 4100,4,8,65,RTX 2080 Ti,RTX 2000,11,616,250,315,10.62,32,2560x1440,Medium,51,74,95
Intel i5-12600K,10,16,125,RX 6900 XT,RX 6000,16,512,200,325,5.62,16,3840x2160,Low,58,70,82
Intel i5-12400F,6,12,65,RTX 4090,RTX 4000,24,1012,300,365,10.0,32,3840x2160,Low,66,89,114
Intel i7-12700F,12,20,65,GTX 1080 Ti,GTX 1000,11,484,300,365,3.25,32,3840x2160,Medium,29,41,50
Intel i9-12900K,16,24,125,RX 6700 XT,RX 6000,12,384,250,375,2.92,32,3840x2160,Low,44,55,68
Intel i7-12700F,12,20,65,Intel Arc A770,Intel Arc,16,560,250,315,3.25,32,1920x1080,Ultra,31,43,55
Ryzen 7 5800X,8,16,105,RTX 4070 Ti,RTX 4000,12,576,200,305,5.62,16,3840x2160,High,38,48,60
Intel i9-14900K,24,32,125,RTX 3070,RTX 3000,8,448,120,245,2.5,16,2560x1440,High,47,62,73
Ryzen 5 5600X,6,12,65,RTX 2070,RTX 2000,8,448,200,265,5.83,16,3840x2160,Medium,33,40,45
Intel i3-12100F,4,8,58,RTX 4090,RTX 4000,24,1012,200,258,15.0,8,3840x2160,Medium,54,73,82
Intel i9-14900K,24,32,125,RTX 3080,RTX 3000,10,760,120,245,2.97,8,2560x1440,High,54,69,78
Ryzen 5 7600X,6,12,105,RX 7600,RX 7000,8,288,200,305,5.0,32,1920x1080,Ultra,36,44,49
Intel i5-12400F,6,12,65,RX 6600,RX 6000,8,224,120,185,4.58,16,1920x1080,Low,52,64,75
Intel i9-14900K,24,32,125,RTX 2060,RTX 2000,6,336,150,275,1.88,8,3840x2160,Ultra,17,25,30
Ryzen 5 7600X,6,12,105,RX 7800 XT,RX 7000,16,624,250,355,7.08,8,3840x2160,Medium,40,50,58
Intel i5-12600K,10,16,125,RTX 3080,RTX 3000,10,760,120,245,5.94,16,2560x1440,High,48,65,77
Ryzen 7 7800X3D,8,16,120,RTX 3090,RTX 3000,24,936,250,370,6.25,32,1920x1080,Ultra,55,69,86
Intel i9-13900K,24,32,125,RX 7700 XT,RX 7000,12,432,120,245,2.34,32,2560x1440,Medium,51,64,73
Ryzen 3 4100,4,8,65,RX 6800,RX 6000,16,512,200,265,10.0,8,2560x1440,Low,63,83,97
Ryzen 7 5800X,8,16,105,RTX 2070,RTX 2000,8,448,150,255,4.38,16,2560x1440,Medium,50,60,71
Ryzen 9 7950X,16,32,170,RTX 2080,RTX 2000,8,448,120,290,2.5,32,1920x1080,Medium,63,78,99
Intel i5-12400F,6,12,65,RTX 3080 Ti,RTX 3000,12,912,250,315,8.17,16,3840x2160,Medium,46,58,65
Ryzen 9 7950X3D,16,32,170,RTX 2070,RTX 2000,8,448,200,370,2.19,32,2560x1440,Medium,43,59,71
Ryzen 9 7950X3D,16,32,170,Intel Arc A750,Intel Arc,8,512,150,320,1.72,16,3840x2160,Low,34,43,47
Intel i5-12400F,6,12,65,RTX 4060,RTX 4000,8,272,200,265,5.83,8,1920x1080,High,49,59,65
Ryzen 7 5800X,8,16,105,GTX 1080 Ti,GTX 1000,11,484,120,225,4.06,32,1920x1080,High,45,54,64
Ryzen 5 7600X,6,12,105,RX 7700 XT,RX 7000,12,432,120,225,6.25,8,3840x2160,Low,46,55,66
Intel i5-12400F,6,12,65,RTX 3080 Ti,RTX 3000,12,912,200,265,8.17,16,3840x2160,High,43,54,59
Ryzen 7 5800X,8,16,105,RTX 4070,RTX 4000,12,504,120,225,5.31,8,1920x1080,High,60,73,93
Ryzen 3 4100,4,8,65,RTX 3080,RTX 3000,10,760,300,365,11.88,16,1920x1080,High,58,82,96
Intel i9-14900K,24,32,125,RX 6700 XT,RX 6000,12,384,300,425,2.19,16,1920x1080,Medium,61,74,86
Intel i7-13700K,16,24,125,RTX 3070,RTX 3000,8,448,200,325,3.33,32,3840x2160,Medium,42,52,66
Intel i7-13700K,16,24,125,RX 6800,RX 6000,16,512,150,275,3.33,16,1920x1080,Medium,58,75,93
Ryzen 5 7600X,6,12,105,Intel Arc A750,Intel Arc,8,512,250,355,4.58,16,3840x2160,Low,35,46,54
Ryzen 3 4100,4,8,65,Intel Arc A750,Intel Arc,8,512,200,265,6.88,8,1920x1080,Low,50,62,75
Intel i9-14900K,24,32,125,RTX 3080,RTX 3000,10,760,300,425,2.97,16,1920x1080,Low,89,109,122
Ryzen 9 7950X3D,16,32,170,RTX 4070 Super,RTX 4000,12,504,250,420,2.75,16,1920x1080,Ultra,44,61,69
Intel i3-12100F,4,8,58,RTX 4090,RTX 4000,24,1012,150,208,15.0,32,2560x1440,Medium,75,103,117
Ryzen 9 7950X,16,32,170,RX 7700 XT,RX 7000,12,432,300,470,2.34,16,3840x2160,High,34,45,56
Ryzen 7 7800X3D,8,16,120,RTX 4070 Ti,RTX 4000,12,576,150,270,5.62,32,2560x1440,Low,66,87,110
Ryzen 7 7800X3D,8,16,120,RTX 2080,RTX 2000,8,448,250,370,5.0,32,3840x2160,Ultra,32,39,44
Ryzen 7 7800X3D,8,16,120,RTX 4070,RTX 4000,12,504,300,420,5.31,8,2560x1440,Ultra,38,49,54
Intel i7-13700K,16,24,125,RX 6900 XT,RX 6000,16,512,300,425,3.75,8,3840x2160,Ultra,30,43,53
Intel i7-13700K,16,24,125,RX 6600 XT,RX 6000,8,256,150,275,2.5,16,2560x1440,High,29,38,48
Ryzen 9 7950X,16,32,170,GTX 1070,GTX 1000,8,256,120,290,1.72,32,2560x1440,High,33,41,46
Intel i5-12600K,10,16,125,GTX 1660,GTX 1000,6,192,300,425,3.12,32,3840x2160,Ultra,16,21,24
Intel i9-12900K,16,24,125,RX 6600,RX 6000,8,224,150,275,2.29,8,3840x2160,Ultra,22,27,32
Intel i9-12900K,16,24,125,Intel Arc A750,Intel Arc,8,512,200,325,2.29,16,1920x1080,Low,51,64,82
Intel i9-12900K,16,24,125,GTX 1660,GTX 1000,6,192,250,375,2.08,8,1920x1080,Medium,37,51,60
Intel i3-12100F,4,8,58,RX 7700 XT,RX 7000,12,432,300,358,9.38,32,1920x1080,Medium,58,76,90
Intel i3-12100F,4,8,58,RTX 3080 Ti,RTX 3000,12,912,150,208,12.25,32,3840x2160,High,45,55,62
Intel i7-13700K,16,24,125,RTX 2080 Ti,RTX 2000,11,616,300,425,3.54,8,3840x2160,High,30,43,52
Ryzen 5 5600X,6,12,65,RTX 4080,RTX 4000,16,716,300,365,8.75,8,1920x1080,Low,90,125,154
Intel i9-12900K,16,24,125,RX 6900 XT,RX 6000,16,512,250,375,3.75,8,3840x2160,High,33,45,52
Intel i5-12600K,10,16,125,RX 6800,RX 6000,16,512,200,325,5.0,16,3840x2160,Low,44,62,78
Ryzen 9 5900X,12,24,105,RX 7900 XTX,RX 7000,24,960,300,405,4.38,32,1920x1080,Medium,78,100,129
Intel i5-12600K,10,16,125,RX 7600,RX 7000,8,288,300,425,3.75,16,3840x2160,High,25,34,40
Ryzen 7 5800X,8,16,105,GTX 1650 Super,GTX 1000,4,192,300,405,2.5,32,3840x2160,Ultra,15,20,25
Intel i9-14900K,24,32,125,RTX 4060,RTX 4000,8,272,150,275,2.19,8,1920x1080,Low,62,79,88
Ryzen 9 5900X,12,24,105,RX 6700 XT,RX 6000,12,384,150,255,2.92,16,1920x1080,High,47,60,66
Ryzen 5 5600X,6,12,65,RTX 3090,RTX 3000,24,936,200,265,8.33,16,1920x1080,High,63,85,93
Ryzen 5 7600X,6,12,105,RX 6600 XT,RX 6000,8,256,250,355,5.0,8,3840x2160,Low,35,43,55
Ryzen 9 7950X3D,16,32,170,RTX 2080,RTX 2000,8,448,200,370,2.5,16,3840x2160,Medium,36,48,61
Ryzen 9 7950X,16,32,170,RX 6700 XT,RX 6000,12,384,300,470,2.19,32,3840x2160,Low,42,52,60
Intel i3-12100F,4,8,58,RTX 3070,RTX 3000,8,448,200,258,10.0,16,3840x2160,High,28,39,49
Ryzen 7 7800X3D,8,16,120,Intel Arc A770,Intel Arc,16,560,200,320,4.06,8,3840x2160,Ultra,24,30,37
Intel i5-12400F,6,12,65,RTX 4090,RTX 4000,24,1012,200,265,10.0,16,2560x1440,Low,95,126,159
Intel i9-13900K,24,32,125,RX 7900 XTX,RX 7000,24,960,120,245,3.28,8,2560x1440,Medium,61,87,99
Ryzen 9 7950X,16,32,170,RX 7800 XT,RX 7000,16,624,300,470,2.66,32,1920x1080,Ultra,42,56,67
Ryzen 5 5600X,6,12,65,RTX 4070 Ti,RTX 4000,12,576,250,315,7.5,32,1920x1080,Low,78,109,135
Ryzen 7 7800X3D,8,16,120,RX 7900 XTX,RX 7000,24,960,120,240,6.56,16,1920x1080,Low,104,130,158
Ryzen 5 7600X,6,12,105,RX 6900 XT,RX 6000,16,512,200,305,7.5,32,1920x1080,Low,89,110,121
Intel i9-13900K,24,32,125,RTX 4070 Ti,RTX 4000,12,576,120,245,2.81,16,1920x1080,Medium,65,87,103
Ryzen 3 4100,4,8,65,Intel Arc A750,Intel Arc,8,512,150,215,6.88,8,1920x1080,High,32,41,49
Ryzen 7 5800X,8,16,105,RTX 4070 Ti,RTX 4000,12,576,200,305,5.62,32,2560x1440,Medium,62,79,89
Ryzen 5 7600X,6,12,105,RX 6800 XT,RX 6000,16,512,120,225,7.08,8,1920x1080,Medium,67,84,94
Intel i5-12600K,10,16,125,RX 6800,RX 6000,16,512,250,375,5.0,32,2560x1440,Medium,53,68,86
Ryzen 7 5800X,8,16,105,RTX 4070,RTX 4000,12,504,250,355,5.31,32,2560x1440,Medium,60,74,82
Intel i7-13700K,16,24,125,GTX 1070,GTX 1000,8,256,250,375,2.29,8,3840x2160,Ultra,19,24,29
Ryzen 9 7950X3D,16,32,170,RTX 3080,RTX 3000,10,760,200,370,2.97,32,1920x1080,Medium,69,92,104
Ryzen 5 7600X,6,12,105,RX 6900 XT,RX 6000,16,512,150,255,7.5,8,2560x1440,Low,68,91,108
Ryzen 5 5600X,6,12,65,RTX 4080 Super,RTX 4000,16,742,200,265,9.0,32,3840x2160,Medium,54,66,83
Intel i5-12600K,10,16,125,RTX 4070,RTX 4000,12,504,150,275,5.31,16,3840x2160,Ultra,28,39,44
Ryzen 9 7950X3D,16,32,170,RX 6600,RX 6000,8,224,250,420,1.72,8,1920x1080,High,38,49,61
Ryzen 5 7600X,6,12,105,RTX 3080 Ti,RTX 3000,12,912,300,405,8.17,32,1920x1080,Low,95,121,144
Ryzen 9 7950X,16,32,170,RTX 4070 Ti,RTX 4000,12,576,120,290,2.81,16,3840x2160,Low,55,66,73
Ryzen 7 7800X3D,8,16,120,RTX 4070 Ti,RTX 4000,12,576,120,240,5.62,8,2560x1440,Low,63,88,107
Intel i7-13700K,16,24,125,Intel Arc A750,Intel Arc,8,512,200,325,2.29,16,2560x1440,High,30,40,45
Ryzen 5 5600X,6,12,65,RTX 4070,RTX 4000,12,504,150,215,7.08,8,2560x1440,High,49,62,74
Ryzen 5 5600X,6,12,65,RTX 2080 Ti,RTX 2000,11,616,200,265,7.08,8,2560x1440,Low,72,88,103
Intel i3-12100F,4,8,58,RTX 3080 Ti,RTX 3000,12,912,300,358,12.25,32,2560x1440,Ultra,42,56,65
Intel i9-13900K,24,32,125,RTX 3060,RTX 3000,12,360,250,375,2.03,8,2560x1440,Medium,45,55,64
Intel i7-13700K,16,24,125,RTX 4060,RTX 4000,8,272,250,375,2.92,8,3840x2160,Medium,31,40,45
Ryzen 9 5900X,12,24,105,GTX 1650 Super,GTX 1000,4,192,300,405,1.67,32,1920x1080,Medium,35,43,54
Ryzen 9 5900X,12,24,105,RTX 3060,RTX 3000,12,360,250,355,2.71,32,2560x1440,Ultra,31,41,46
Intel i3-12100F,4,8,58,RX 7700 XT,RX 7000,12,432,200,258,9.38,32,3840x2160,Medium,36,48,58
Intel i5-12400F,6,12,65,RTX 2080,RTX 2000,8,448,120,185,6.67,32,3840x2160,Ultra,27,35,45
Intel i7-13700K,16,24,125,RX 7900 XTX,RX 7000,24,960,250,375,4.38,32,2560x1440,Ultra,48,58,64
Intel i5-12600K,10,16,125,RTX 4070,RTX 4000,12,504,250,375,5.31,16,3840x2160,Low,46,66,78
Ryzen 5 7600X,6,12,105,RX 6700 XT,RX 6000,12,384,200,305,5.83,16,2560x1440,High,37,47,57
Ryzen 3 4100,4,8,65,RTX 2080 Ti,RTX 2000,11,616,300,365,10.62,32,3840x2160,Ultra,24,35,45
Intel i3-12100F,4,8,58,RTX 4060,RTX 4000,8,272,150,208,8.75,8,2560x1440,Low,58,71,82
Ryzen 3 4100,4,8,65,RTX 4090,RTX 4000,24,1012,150,215,15.0,32,2560x1440,Low,85,118,143
Ryzen 9 7950X,16,32,170,RTX 4070 Super,RTX 4000,12,504,120,290,2.75,32,1920x1080,High,52,72,86
Ryzen 5 7600X,6,12,105,GTX 1070,GTX 1000,8,256,250,355,4.58,16,1920x1080,Medium,43,57,67
Intel i9-12900K,16,24,125,RTX 3070,RTX 3000,8,448,150,275,3.33,8,3840x2160,High,36,45,50
Ryzen 9 7950X,16,32,170,RX 6600 XT,RX 6000,8,256,250,420,1.88,16,2560x1440,High,36,45,54
Ryzen 7 7800X3D,8,16,120,RX 7600,RX 7000,8,288,250,370,3.75,32,2560x1440,Medium,37,54,69
Ryzen 7 7800X3D,8,16,120,RTX 4070 Ti,RTX 4000,12,576,250,370,5.62,8,3840x2160,Low,58,74,95
Ryzen 3 4100,4,8,65,RTX 4080,RTX 4000,16,716,150,215,13.12,8,2560x1440,High,57,73,87
Intel i9-13900K,24,32,125,RX 7900 XTX,RX 7000,24,960,120,245,3.28,16,2560x1440,Medium,71,89,112
Ryzen 9 5900X,12,24,105,GTX 1080 Ti,GTX 1000,11,484,150,255,2.71,32,3840x2160,Low,36,50,57
Intel i5-12400F,6,12,65,RTX 2070,RTX 2000,8,448,300,365,5.83,8,3840x2160,Low,46,58,73
Intel i7-12700F,12,20,65,GTX 1660,GTX 1000,6,192,150,215,2.5,16,1920x1080,Medium,42,51,61
Intel i7-12700F,12,20,65,RTX 3060,RTX 3000,12,360,200,265,3.25,16,2560x1440,High,34,48,57
Ryzen 9 5900X,12,24,105,RTX 4070 Ti,RTX 4000,12,576,120,225,3.75,8,2560x1440,Medium,52,74,87
Ryzen 3 4100,4,8,65,RTX 3090,RTX 3000,24,936,150,215,12.5,8,1920x1080,Ultra,57,69,84
Ryzen 9 7950X3D,16,32,170,GTX 1080 Ti,GTX 1000,11,484,200,370,2.03,8,1920x1080,Ultra,32,46,54
Intel i7-12700F,12,20,65,RTX 2080,RTX 2000,8,448,250,315,4.0,32,1920x1080,Low,80,98,108
Intel i7-13700K,16,24,125,RTX 2060,RTX 2000,6,336,120,245,2.5,16,1920x1080,Ultra,28,38,44
Ryzen 9 7950X3D,16,32,170,RX 7600,RX 7000,8,288,120,290,1.88,32,2560x1440,Ultra,31,38,45
Ryzen 7 7800X3D,8,16,120,RX 7600,RX 7000,8,288,120,240,3.75,16,1920x1080,High,39,52,63
Ryzen 7 5800X,8,16,105,RTX 4080,RTX 4000,16,716,250,355,6.56,16,1920x1080,Ultra,53,74,81
Intel i9-13900K,24,32,125,RTX 4070,RTX 4000,12,504,250,375,2.66,8,3840x2160,Ultra,29,39,43
Intel i9-13900K,24,32,125,GTX 1650 Super,GTX 1000,4,192,120,245,1.25,8,1920x1080,Medium,33,42,50
Ryzen 5 5600X,6,12,65,RX 7700 XT,RX 7000,12,432,120,185,6.25,8,3840x2160,Ultra,20,29,36
Ryzen 7 7800X3D,8,16,120,GTX 1660,GTX 1000,6,192,150,270,3.12,32,1920x1080,Ultra,29,38,47
Intel i5-12600K,10,16,125,RTX 2080,RTX 2000,8,448,120,245,5.0,16,3840x2160,Medium,40,53,68
Intel i9-14900K,24,32,125,GTX 1650 Super,GTX 1000,4,192,250,375,1.25,32,1920x1080,Medium,26,35,44
Intel i9-12900K,16,24,125,GTX 1060,GTX 1000,6,192,150,275,1.88,16,1920x1080,Low,42,54,60
Ryzen 9 5900X,12,24,105,RTX 4080,RTX 4000,16,716,200,305,4.38,16,3840x2160,Ultra,34,43,51
Intel i9-13900K,24,32,125,RTX 2080,RTX 2000,8,448,150,275,2.5,16,3840x2160,Medium,34,47,58
Ryzen 7 5800X,8,16,105,Intel Arc A770,Intel Arc,16,560,300,405,4.06,32,2560x1440,Medium,35,50,63
Ryzen 7 7800X3D,8,16,120,Intel Arc A770,Intel Arc,16,560,300,420,4.06,8,1920x1080,Ultra,29,40,44
Ryzen 5 5600X,6,12,65,RX 6700 XT,RX 6000,12,384,250,315,5.83,32,3840x2160,Ultra,20,28,32
Ryzen 9 5900X,12,24,105,RTX 3080 Ti,RTX 3000,12,912,200,305,4.08,32,1920x1080,Low,88,114,147
Ryzen 7 5800X,8,16,105,RX 6700 XT,RX 6000,12,384,200,305,4.38,8,1920x1080,Medium,51,66,73
Intel i9-14900K,24,32,125,RX 6900 XT,RX 6000,16,512,250,375,2.81,16,3840x2160,Medium,38,54,61
Ryzen 9 7950X3D,16,32,170,RTX 3060,RTX 3000,12,360,200,370,2.03,8,1920x1080,Low,58,79,93
Ryzen 9 7950X,16,32,170,RTX 2080,RTX 2000,8,448,120,290,2.5,32,1920x1080,Low,75,92,110
Intel i5-12600K,10,16,125,RTX 3080 Ti,RTX 3000,12,912,200,325,6.12,32,3840x2160,Ultra,34,45,56
Intel i9-14900K,24,32,125,GTX 1660,GTX 1000,6,192,150,275,1.56,8,2560x1440,Medium,29,39,44
Intel i5-12600K,10,16,125,RX 7600,RX 7000,8,288,250,375,3.75,8,3840x2160,Ultra,22,31,39
Intel i9-12900K,16,24,125,RX 6600,RX 6000,8,224,150,275,2.29,16,2560x1440,Medium,38,48,62
Ryzen 5 7600X,6,12,105,GTX 1650 Super,GTX 1000,4,192,150,255,3.33,16,1920x1080,Low,36,44,52
Ryzen 5 7600X,6,12,105,RTX 3080,RTX 3000,10,760,300,405,7.92,32,2560x1440,Medium,71,85,103
Intel i9-14900K,24,32,125,GTX 1070,GTX 1000,8,256,250,375,1.72,8,2560x1440,Ultra,27,33,38
Intel i9-14900K,24,32,125,RTX 3080 Ti,RTX 3000,12,912,300,425,3.06,32,2560x1440,Ultra,46,55,70
Intel i3-12100F,4,8,58,RX 6700 XT,RX 6000,12,384,250,308,8.75,16,1920x1080,Low,66,86,101
Ryzen 9 7950X3D,16,32,170,GTX 1080 Ti,GTX 1000,11,484,250,420,2.03,8,2560x1440,Ultra,27,34,42
Intel i9-13900K,24,32,125,GTX 1650 Super,GTX 1000,4,192,200,325,1.25,8,2560x1440,High,21,30,35
Intel i9-12900K,16,24,125,RX 6900 XT,RX 6000,16,512,150,275,3.75,16,3840x2160,Low,49,69,85
Ryzen 7 5800X,8,16,105,RX 6900 XT,RX 6000,16,512,120,225,5.62,32,3840x2160,Low,54,65,75
Ryzen 5 5600X,6,12,65,RX 6800,RX 6000,16,512,120,185,6.67,32,2560x1440,Medium,52,63,78
Ryzen 7 5800X,8,16,105,RTX 2080 Ti,RTX 2000,11,616,300,405,5.31,16,1920x1080,Ultra,41,59,69
Intel i5-12600K,10,16,125,RTX 3070,RTX 3000,8,448,300,425,5.0,8,1920x1080,High,54,68,84
Intel i9-13900K,24,32,125,RTX 3080,RTX 3000,10,760,200,325,2.97,16,2560x1440,High,51,68,75
Ryzen 7 5800X,8,16,105,RX 6800 XT,RX 6000,16,512,200,305,5.31,16,2560x1440,Low,70,88,106
Ryzen 9 7950X,16,32,170,RTX 4070 Super,RTX 4000,12,504,150,320,2.75,8,3840x2160,Low,55,72,80
Ryzen 5 5600X,6,12,65,GTX 1060,GTX 1000,6,192,150,215,3.75,16,1920x1080,Medium,29,41,46
Intel i3-12100F,4,8,58,RTX 4060,RTX 4000,8,272,200,258,8.75,16,2560x1440,Medium,43,57,70
Intel i9-13900K,24,32,125,GTX 1060,GTX 1000,6,192,200,325,1.41,32,1920x1080,Medium,35,46,53
Ryzen 9 7950X3D,16,32,170,RX 7900 XTX,RX 7000,24,960,150,320,3.28,16,3840x2160,Ultra,32,45,56
Ryzen 3 4100,4,8,65,RTX 3080,RTX 3000,10,760,250,315,11.88,16,2560x1440,High,50,71,83
Intel i9-12900K,16,24,125,Intel Arc A770,Intel Arc,16,560,150,275,2.71,8,3840x2160,High,33,40,49
Intel i9-12900K,16,24,125,RTX 3080 Ti,RTX 3000,12,912,150,275,4.08,16,1920x1080,Low,90,118,138
Intel i5-12400F,6,12,65,RTX 4070 Ti,RTX 4000,12,576,120,185,7.5,16,2560x1440,Medium,63,75,90
Intel i3-12100F,4,8,58,RX 6600 XT,RX 6000,8,256,300,358,7.5,16,2560x1440,Medium,39,55,71
Ryzen 5 7600X,6,12,105,RTX 4060,RTX 4000,8,272,250,355,5.83,32,2560x1440,High,42,52,64
Ryzen 5 7600X,6,12,105,GTX 1660,GTX 1000,6,192,250,355,4.17,8,3840x2160,Ultra,14,19,22
Intel i9-14900K,24,32,125,RX 6800 XT,RX 6000,16,512,150,275,2.66,16,2560x1440,Low,65,82,99
Ryzen 3 4100,4,8,65,RTX 3060 Ti,RTX 3000,8,448,300,365,8.75,32,1920x1080,Low,69,87,112
Ryzen 7 7800X3D,8,16,120,RTX 3060 Ti,RTX 3000,8,448,200,320,4.38,32,2560x1440,High,42,51,65
Ryzen 7 7800X3D,8,16,120,Intel Arc A750,Intel Arc,8,512,200,320,3.44,16,3840x2160,Ultra,16,23,26
Ryzen 9 7950X,16,32,170,GTX 1070,GTX 1000,8,256,250,420,1.72,32,1920x1080,Ultra,35,43,49
Ryzen 9 5900X,12,24,105,GTX 1650 Super,GTX 1000,4,192,200,305,1.67,8,3840x2160,Low,21,28,35
Intel i5-12600K,10,16,125,RX 6600,RX 6000,8,224,250,375,3.44,16,1920x1080,Low,49,67,76
Intel i7-13700K,16,24,125,RTX 3060 Ti,RTX 3000,8,448,300,425,2.92,16,1920x1080,Ultra,34,49,61
Ryzen 5 5600X,6,12,65,RX 7700 XT,RX 7000,12,432,250,315,6.25,8,3840x2160,Ultra,20,29,33
Intel i7-12700F,12,20,65,RTX 4060,RTX 4000,8,272,200,265,3.5,16,2560x1440,Medium,50,63,69
Ryzen 9 7950X3D,16,32,170,GTX 1060,GTX 1000,6,192,250,420,1.41,32,3840x2160,High,18,24,27
Intel i7-12700F,12,20,65,RTX 4070 Super,RTX 4000,12,504,150,215,4.4,16,3840x2160,Low,46,65,75
Ryzen 7 5800X,8,16,105,Intel Arc A770,Intel Arc,16,560,200,305,4.06,16,1920x1080,High,45,54,63
Ryzen 5 5600X,6,12,65,RX 7900 XTX,RX 7000,24,960,300,365,8.75,32,3840x2160,Low,61,78,97
Intel i9-12900K,16,24,125,RTX 4070 Ti,RTX 4000,12,576,300,425,3.75,16,2560x1440,High,53,66,73
Ryzen 7 5800X,8,16,105,Intel Arc A750,Intel Arc,8,512,150,255,3.44,32,1920x1080,Medium,42,52,61
Intel i7-12700F,12,20,65,RTX 3070,RTX 3000,8,448,300,365,4.0,8,1920x1080,Medium,64,82,101
Intel i7-12700F,12,20,65,RX 6700 XT,RX 6000,12,384,200,265,3.5,8,2560x1440,Low,62,74,88
Ryzen 7 5800X,8,16,105,GTX 1650 Super,GTX 1000,4,192,150,255,2.5,8,2560x1440,High,21,30,37
Intel i7-13700K,16,24,125,Intel Arc A750,Intel Arc,8,512,120,245,2.29,16,3840x2160,Medium,23,32,35
Intel i5-12600K,10,16,125,RTX 2070,RTX 2000,8,448,300,425,4.38,8,2560x1440,Ultra,26,38,46
Intel i5-12400F,6,12,65,RX 7600,RX 7000,8,288,120,185,5.0,8,1920x1080,High,36,46,57
Intel i9-13900K,24,32,125,RTX 3060 Ti,RTX 3000,8,448,300,425,2.19,8,1920x1080,High,45,55,70
Ryzen 7 5800X,8,16,105,RTX 4080 Super,RTX 4000,16,742,120,225,6.75,32,1920x1080,Medium,77,108,131
Intel i9-13900K,24,32,125,RTX 3060 Ti,RTX 3000,8,448,300,425,2.19,32,2560x1440,Medium,43,54,69
Ryzen 9 7950X3D,16,32,170,RTX 4070 Super,RTX 4000,12,504,250,420,2.75,16,3840x2160,Medium,41,58,73
Ryzen 9 5900X,12,24,105,RTX 3070,RTX 3000,8,448,120,225,3.33,16,3840x2160,Medium,40,48,53
Intel i7-13700K,16,24,125,RX 7700 XT,RX 7000,12,432,250,375,3.12,32,2560x1440,High,39,56,67
Ryzen 5 5600X,6,12,65,RX 6900 XT,RX 6000,16,512,200,265,7.5,32,3840x2160,High,41,54,65
Ryzen 9 5900X,12,24,105,RTX 3060 Ti,RTX 3000,8,448,120,225,2.92,32,1920x1080,Ultra,32,47,58
Ryzen 7 7800X3D,8,16,120,RX 6800 XT,RX 6000,16,512,120,240,5.31,8,3840x2160,Low,47,62,75
Intel i9-12900K,16,24,125,GTX 1060,GTX 1000,6,192,150,275,1.88,16,2560x1440,Medium,28,35,41
Ryzen 9 5900X,12,24,105,RX 7700 XT,RX 7000,12,432,250,355,3.12,32,2560x1440,High,43,58,71
Ryzen 9 7950X3D,16,32,170,RX 7800 XT,RX 7000,16,624,150,320,2.66,16,2560x1440,Medium,50,68,81
Intel i3-12100F,4,8,58,GTX 1080 Ti,GTX 1000,11,484,300,358,8.12,8,3840x2160,Low,35,50,56
Ryzen 5 7600X,6,12,105,Intel Arc A750,Intel Arc,8,512,250,355,4.58,8,2560x1440,Low,44,57,68
Intel i9-13900K,24,32,125,RTX 4060,RTX 4000,8,272,300,425,2.19,16,3840x2160,Ultra,24,31,39
Intel i3-12100F,4,8,58,RTX 2080,RTX 2000,8,448,120,178,10.0,16,2560x1440,Low,67,81,96
Intel i5-12400F,6,12,65,RTX 3060,RTX 3000,12,360,250,315,5.42,32,3840x2160,High,24,32,37
Ryzen 9 7950X3D,16,32,170,GTX 1660,GTX 1000,6,192,300,470,1.56,32,3840x2160,Ultra,17,23,27
Intel i9-12900K,16,24,125,RX 7800 XT,RX 7000,16,624,200,325,3.54,16,1920x1080,Ultra,49,59,72
Ryzen 5 5600X,6,12,65,RTX 4070 Ti,RTX 4000,12,576,300,365,7.5,32,1920x1080,Low,85,103,120
Intel i3-12100F,4,8,58,RTX 4080,RTX 4000,16,716,150,208,13.12,16,2560x1440,Low,79,105,122
Intel i9-14900K,24,32,125,RTX 3080 Ti,RTX 3000,12,912,120,245,3.06,32,3840x2160,High,39,49,62
Ryzen 5 7600X,6,12,105,Intel Arc A770,Intel Arc,16,560,250,355,5.42,8,1920x1080,High,44,54,65
Ryzen 3 4100,4,8,65,RTX 2070,RTX 2000,8,448,200,265,8.75,32,3840x2160,Ultra,20,27,32
Intel i7-12700F,12,20,65,RX 7700 XT,RX 7000,12,432,150,215,3.75,16,1920x1080,Medium,60,74,91
Ryzen 5 5600X,6,12,65,RTX 4070 Super,RTX 4000,12,504,300,365,7.33,16,2560x1440,Medium,64,76,84
Intel i9-13900K,24,32,125,RTX 4060,RTX 4000,8,272,120,245,2.19,16,2560x1440,Low,57,76,87
Intel i7-12700F,12,20,65,RTX 4080,RTX 4000,16,716,120,185,5.25,32,2560x1440,Low,84,110,125
Ryzen 5 5600X,6,12,65,RX 7800 XT,RX 7000,16,624,300,365,7.08,32,2560x1440,Ultra,36,50,59
Ryzen 9 7950X,16,32,170,RTX 3060,RTX 3000,12,360,250,420,2.03,32,1920x1080,Medium,51,64,80
Ryzen 3 4100,4,8,65,RX 6800,RX 6000,16,512,200,265,10.0,32,3840x2160,Low,45,59,67
Ryzen 9 5900X,12,24,105,RX 6700 XT,RX 6000,12,384,150,255,2.92,32,2560x1440,Low,51,68,86
Ryzen 3 4100,4,8,65,RTX 3080 Ti,RTX 3000,12,912,200,265,12.25,8,2560x1440,Medium,55,79,99
Ryzen 9 7950X,16,32,170,RX 7700 XT,RX 7000,12,432,150,320,2.34,16,3840x2160,Ultra,24,35,39
Intel i3-12100F,4,8,58,RTX 3090,RTX 3000,24,936,120,178,12.5,32,2560x1440,Medium,74,88,105
Intel i5-12400F,6,12,65,GTX 1070,GTX 1000,8,256,120,185,4.58,8,2560x1440,High,32,43,50
Ryzen 7 7800X3D,8,16,120,GTX 1650 Super,GTX 1000,4,192,300,420,2.5,32,1920x1080,Low,41,50,60
Ryzen 3 4100,4,8,65,RX 7700 XT,RX 7000,12,432,300,365,9.38,32,1920x1080,Medium,58,71,82
Ryzen 7 7800X3D,8,16,120,RTX 3080 Ti,RTX 3000,12,912,250,370,6.12,8,2560x1440,Medium,57,79,91
Ryzen 3 4100,4,8,65,RTX 2080 Ti,RTX 2000,11,616,150,215,10.62,32,2560x1440,High,48,65,77
Ryzen 3 4100,4,8,65,Intel Arc A750,Intel Arc,8,512,300,365,6.88,32,2560x1440,Ultra,23,31,38
Intel i5-12400F,6,12,65,RTX 2080 Ti,RTX 2000,11,616,200,265,7.08,16,3840x2160,Medium,41,55,71
Intel i7-12700F,12,20,65,RTX 3080 Ti,RTX 3000,12,912,200,265,4.9,8,2560x1440,Ultra,47,62,80
Ryzen 5 5600X,6,12,65,GTX 1070,GTX 1000,8,256,200,265,4.58,8,1920x1080,High,36,50,59
Ryzen 9 5900X,12,24,105,RTX 2080,RTX 2000,8,448,250,355,3.33,16,2560x1440,Low,61,81,102
Intel i7-12700F,12,20,65,Intel Arc A770,Intel Arc,16,560,300,365,3.25,32,3840x2160,High,23,31,38
Ryzen 5 7600X,6,12,105,RX 6900 XT,RX 6000,16,512,150,255,7.5,8,3840x2160,Low,51,71,84
Intel i3-12100F,4,8,58,RX 6600 XT,RX 6000,8,256,150,208,7.5,16,1920x1080,High,36,51,58
Ryzen 9 5900X,12,24,105,RTX 4070 Ti,RTX 4000,12,576,200,305,3.75,32,2560x1440,Ultra,35,49,59
Ryzen 5 5600X,6,12,65,RTX 3060 Ti,RTX 3000,8,448,300,365,5.83,16,1920x1080,Ultra,37,45,58
Intel i9-14900K,24,32,125,RTX 2070,RTX 2000,8,448,150,275,2.19,8,1920x1080,Medium,54,74,91
Intel i5-12400F,6,12,65,RX 6600 XT,RX 6000,8,256,300,365,5.0,32,3840x2160,Ultra,17,24,28
Intel i7-12700F,12,20,65,RTX 2060,RTX 2000,6,336,150,215,3.0,16,3840x2160,Ultra,23,30,34
Intel i9-13900K,24,32,125,RTX 4090,RTX 4000,24,1012,200,325,3.75,16,2560x1440,Ultra,55,67,81
Intel i9-13900K,24,32,125,RX 6700 XT,RX 6000,12,384,250,375,2.19,8,1920x1080,Ultra,37,44,50
Intel i9-14900K,24,32,125,RTX 4070 Super,RTX 4000,12,504,250,375,2.75,8,3840x2160,Ultra,25,35,40
Intel i9-13900K,24,32,125,RX 6600,RX 6000,8,224,120,245,1.72,32,3840x2160,Ultra,17,25,30
Ryzen 5 7600X,6,12,105,RTX 3080 Ti,RTX 3000,12,912,120,225,8.17,32,2560x1440,High,63,75,91
Intel i3-12100F,4,8,58,RTX 3090,RTX 3000,24,936,300,358,12.5,16,3840x2160,Ultra,40,50,56
Intel i5-12400F,6,12,65,RTX 3060,RTX 3000,12,360,120,185,5.42,32,2560x1440,Medium,41,55,65
Ryzen 5 7600X,6,12,105,RX 7900 XTX,RX 7000,24,960,200,305,8.75,16,2560x1440,Medium,60,85,95
Ryzen 7 5800X,8,16,105,RX 6800,RX 6000,16,512,250,355,5.0,32,2560x1440,High,51,61,73
Intel i9-12900K,16,24,125,RTX 4070 Ti,RTX 4000,12,576,250,375,3.75,8,3840x2160,Ultra,34,41,50
Intel i5-12400F,6,12,65,RTX 3060 Ti,RTX 3000,8,448,250,315,5.83,8,1920x1080,Low,61,80,90
Ryzen 9 5900X,12,24,105,GTX 1660,GTX 1000,6,192,250,355,2.08,16,2560x1440,Low,39,49,58
Intel i7-12700F,12,20,65,Intel Arc A750,Intel Arc,8,512,300,365,2.75,8,1920x1080,High,31,43,54
Ryzen 3 4100,4,8,65,RTX 3070,RTX 3000,8,448,150,215,10.0,32,3840x2160,Low,47,65,83
Ryzen 9 7950X3D,16,32,170,GTX 1080 Ti,GTX 1000,11,484,300,470,2.03,16,2560x1440,Low,54,68,80
Intel i7-12700F,12,20,65,RTX 4070 Ti,RTX 4000,12,576,200,265,4.5,8,1920x1080,Low,86,107,127
Intel i3-12100F,4,8,58,RTX 4080,RTX 4000,16,716,300,358,13.12,16,1920x1080,Ultra,65,77,98
Intel i7-13700K,16,24,125,RTX 3070,RTX 3000,8,448,300,425,3.33,16,1920x1080,High,56,70,84
Ryzen 7 7800X3D,8,16,120,GTX 1070,GTX 1000,8,256,120,240,3.44,8,2560x1440,High,30,37,43
Intel i9-13900K,24,32,125,Intel Arc A770,Intel Arc,16,560,200,325,2.03,16,2560x1440,Ultra,33,40,45
Ryzen 9 7950X3D,16,32,170,RX 6800,RX 6000,16,512,200,370,2.5,32,3840x2160,High,33,45,50
Intel i9-13900K,24,32,125,RX 7700 XT,RX 7000,12,432,250,375,2.34,16,2560x1440,Ultra,33,42,46
Ryzen 7 5800X,8,16,105,RTX 3060,RTX 3000,12,360,150,255,4.06,8,2560x1440,Ultra,25,34,40
Intel i7-13700K,16,24,125,RX 7700 XT,RX 7000,12,432,200,325,3.12,16,3840x2160,Low,41,58,73
Intel i7-13700K,16,24,125,GTX 1650 Super,GTX 1000,4,192,120,245,1.67,8,3840x2160,High,16,22,24
Intel i5-12400F,6,12,65,RX 7800 XT,RX 7000,16,624,200,265,7.08,16,1920x1080,Ultra,43,55,66
Ryzen 7 5800X,8,16,105,RTX 3090,RTX 3000,24,936,150,255,6.25,32,3840x2160,Low,59,73,87
Ryzen 7 7800X3D,8,16,120,RTX 2080,RTX 2000,8,448,250,370,5.0,32,1920x1080,Ultra,41,53,63
Ryzen 3 4100,4,8,65,RTX 4080,RTX 4000,16,716,120,185,13.12,8,1920x1080,Medium,84,100,115
Ryzen 9 5900X,12,24,105,RTX 2070,RTX 2000,8,448,250,355,2.92,8,1920x1080,Ultra,35,44,52
Ryzen 9 7950X3D,16,32,170,RTX 4070,RTX 4000,12,504,200,370,2.66,32,3840x2160,High,38,48,56
Intel i5-12600K,10,16,125,GTX 1650 Super,GTX 1000,4,192,120,245,2.5,8,1920x1080,Low,30,44,56
Intel i9-13900K,24,32,125,RX 7600,RX 7000,8,288,300,425,1.88,32,3840x2160,Medium,29,36,45
Intel i9-13900K,24,32,125,GTX 1070,GTX 1000,8,256,150,275,1.72,8,2560x1440,Ultra,22,32,36
Ryzen 9 7950X,16,32,170,RX 7700 XT,RX 7000,12,432,250,420,2.34,16,2560x1440,Low,56,77,93
Intel i5-12400F,6,12,65,RTX 4080,RTX 4000,16,716,250,315,8.75,32,1920x1080,Low,98,129,152
Ryzen 5 5600X,6,12,65,RTX 2080,RTX 2000,8,448,250,315,6.67,16,2560x1440,Ultra,38,47,60
Intel i9-14900K,24,32,125,RTX 2080 Ti,RTX 2000,11,616,250,375,2.66,16,3840x2160,Low,52,67,77
Ryzen 9 7950X3D,16,32,170,GTX 1660,GTX 1000,6,192,150,320,1.56,16,2560x1440,High,26,38,43
Ryzen 9 7950X3D,16,32,170,RTX 4080 Super,RTX 4000,16,742,300,470,3.38,32,2560x1440,Medium,73,88,102
Ryzen 9 7950X,16,32,170,GTX 1650 Super,GTX 1000,4,192,250,420,1.25,16,2560x1440,Ultra,21,27,33
Intel i9-12900K,16,24,125,RTX 3070,RTX 3000,8,448,250,375,3.33,32,2560x1440,Low,58,81,91
Intel i7-12700F,12,20,65,RX 6700 XT,RX 6000,12,384,200,265,3.5,8,2560x1440,High,33,47,51
Ryzen 7 5800X,8,16,105,Intel Arc A770,Intel Arc,16,560,300,405,4.06,8,1920x1080,Low,54,76,87
Intel i9-14900K,24,32,125,RX 7700 XT,RX 7000,12,432,150,275,2.34,16,2560x1440,High,45,56,67
Intel i7-12700F,12,20,65,RTX 2080 Ti,RTX 2000,11,616,120,185,4.25,8,2560x1440,Ultra,44,55,67
Intel i5-12400F,6,12,65,RX 7800 XT,RX 7000,16,624,200,265,7.08,32,1920x1080,Medium,59,81,94
Ryzen 9 7950X,16,32,170,RX 7800 XT,RX 7000,16,624,150,320,2.66,8,2560x1440,Low,66,88,99
Ryzen 9 7950X,16,32,170,RX 6700 XT,RX 6000,12,384,200,370,2.19,16,1920x1080,Medium,52,68,75
Ryzen 9 5900X,12,24,105,RTX 4070 Super,RTX 4000,12,504,150,255,3.67,8,3840x2160,Medium,45,59,74
Ryzen 9 5900X,12,24,105,RX 6700 XT,RX 6000,12,384,150,255,2.92,32,2560x1440,Ultra,33,44,48
Intel i3-12100F,4,8,58,RX 7900 XTX,RX 7000,24,960,120,178,13.12,16,1920x1080,Low,105,124,140
Ryzen 7 7800X3D,8,16,120,RTX 2080,RTX 2000,8,448,300,420,5.0,32,3840x2160,Medium,37,47,58
Ryzen 5 5600X,6,12,65,RX 6700 XT,RX 6000,12,384,200,265,5.83,32,2560x1440,High,44,53,58
Intel i7-13700K,16,24,125,RX 6600 XT,RX 6000,8,256,200,325,2.5,32,2560x1440,Medium,41,52,61
Ryzen 7 7800X3D,8,16,120,RTX 3060 Ti,RTX 3000,8,448,150,270,4.38,8,2560x1440,Low,53,71,88
Ryzen 5 5600X,6,12,65,RTX 3070,RTX 3000,8,448,300,365,6.67,32,1920x1080,High,52,66,72
Ryzen 3 4100,4,8,65,RTX 3080 Ti,RTX 3000,12,912,300,365,12.25,32,2560x1440,Ultra,38,54,63
Ryzen 7 5800X,8,16,105,GTX 1660,GTX 1000,6,192,150,255,3.12,16,1920x1080,Low,46,57,67
Intel i9-14900K,24,32,125,RTX 4080 Super,RTX 4000,16,742,250,375,3.38,32,2560x1440,High,64,80,98
Intel i9-14900K,24,32,125,GTX 1080 Ti,GTX 1000,11,484,250,375,2.03,16,2560x1440,Medium,38,54,63
Intel i5-12600K,10,16,125,GTX 1070,GTX 1000,8,256,300,425,3.44,8,1920x1080,Ultra,29,38,44
Ryzen 7 7800X3D,8,16,120,RX 7900 XTX,RX 7000,24,960,250,370,6.56,32,2560x1440,High,57,75,89
Ryzen 9 5900X,12,24,105,Intel Arc A770,Intel Arc,16,560,300,405,2.71,16,1920x1080,Medium,48,67,83
Intel i7-12700F,12,20,65,RTX 3070,RTX 3000,8,448,120,185,4.0,8,2560x1440,Ultra,42,50,58
Ryzen 9 5900X,12,24,105,GTX 1660,GTX 1000,6,192,200,305,2.08,32,1920x1080,High,31,40,44
Ryzen 7 5800X,8,16,105,RTX 4070,RTX 4000,12,504,120,225,5.31,8,2560x1440,Ultra,38,53,64
Ryzen 5 5600X,6,12,65,RTX 4060,RTX 4000,8,272,120,185,5.83,32,1920x1080,Medium,49,69,80
Ryzen 9 5900X,12,24,105,RX 7600,RX 7000,8,288,300,405,2.5,32,3840x2160,High,24,32,37
Intel i7-13700K,16,24,125,GTX 1650 Super,GTX 1000,4,192,120,245,1.67,16,3840x2160,Ultra,13,19,23
Ryzen 9 5900X,12,24,105,RX 6600,RX 6000,8,224,200,305,2.29,16,1920x1080,Ultra,32,38,48
Intel i5-12600K,10,16,125,Intel Arc A770,Intel Arc,16,560,120,245,4.06,32,3840x2160,Low,42,52,60
Intel i5-12600K,10,16,125,RTX 3060 Ti,RTX 3000,8,448,120,245,4.38,32,3840x2160,Low,43,54,64
Intel i7-12700F,12,20,65,RTX 3060,RTX 3000,12,360,250,315,3.25,8,1920x1080,High,41,52,66
Intel i5-12600K,10,16,125,RTX 4070 Ti,RTX 4000,12,576,250,375,5.62,16,2560x1440,Low,66,95,112
Intel i3-12100F,4,8,58,RX 7900 XTX,RX 7000,24,960,200,258,13.12,16,2560x1440,Ultra,49,58,70
Intel i7-13700K,16,24,125,RTX 3060,RTX 3000,12,360,300,425,2.71,8,2560x1440,Low,48,64,72
Ryzen 5 7600X,6,12,105,RTX 3060,RTX 3000,12,360,200,305,5.42,16,1920x1080,Low,56,76,89
Ryzen 3 4100,4,8,65,RX 6600,RX 6000,8,224,300,365,6.88,8,1920x1080,Low,49,63,72
Ryzen 7 7800X3D,8,16,120,GTX 1660,GTX 1000,6,192,250,370,3.12,16,2560x1440,Low,38,50,59
Intel i9-14900K,24,32,125,RTX 2070,RTX 2000,8,448,300,425,2.19,8,2560x1440,Low,59,74,83
Ryzen 9 5900X,12,24,105,RX 6800 XT,RX 6000,16,512,300,405,3.54,8,1920x1080,Medium,70,83,104
Ryzen 9 5900X,12,24,105,RX 6800 XT,RX 6000,16,512,150,255,3.54,16,1920x1080,Low,84,106,130
Intel i3-12100F,4,8,58,RTX 2080 Ti,RTX 2000,11,616,150,208,10.62,32,2560x1440,High,46,58,75
Ryzen 5 5600X,6,12,65,RTX 2080,RTX 2000,8,448,300,365,6.67,16,1920x1080,Low,73,91,115
Ryzen 3 4100,4,8,65,RX 6800,RX 6000,16,512,250,315,10.0,32,1920x1080,High,57,72,93
Ryzen 3 4100,4,8,65,RTX 3080 Ti,RTX 3000,12,912,150,215,12.25,16,3840x2160,High,43,51,59
Intel i3-12100F,4,8,58,RX 7600,RX 7000,8,288,250,308,7.5,32,1920x1080,Low,53,68,84
Ryzen 7 7800X3D,8,16,120,GTX 1070,GTX 1000,8,256,120,240,3.44,32,3840x2160,Low,31,38,46
Ryzen 7 5800X,8,16,105,RX 6600,RX 6000,8,224,120,225,3.44,16,3840x2160,High,22,27,33
Intel i7-12700F,12,20,65,RX 6900 XT,RX 6000,16,512,200,265,4.5,16,2560x1440,Medium,57,71,88
Intel i9-13900K,24,32,125,GTX 1070,GTX 1000,8,256,120,245,1.72,32,3840x2160,High,22,27,34
Ryzen 3 4100,4,8,65,RX 7700 XT,RX 7000,12,432,200,265,9.38,8,3840x2160,Medium,37,45,53
Ryzen 9 7950X3D,16,32,170,Intel Arc A770,Intel Arc,16,560,150,320,2.03,32,3840x2160,Medium,35,44,53
Intel i5-12600K,10,16,125,GTX 1650 Super,GTX 1000,4,192,300,425,2.5,8,3840x2160,Low,21,28,32
Ryzen 3 4100,4,8,65,RTX 3060 Ti,RTX 3000,8,448,250,315,8.75,32,3840x2160,Low,44,56,69
Intel i3-12100F,4,8,58,RX 6800,RX 6000,16,512,300,358,10.0,16,3840x2160,Low,51,61,70
Ryzen 9 7950X,16,32,170,RX 7700 XT,RX 7000,12,432,250,420,2.34,32,2560x1440,Low,54,73,86
Ryzen 5 7600X,6,12,105,RTX 2060,RTX 2000,6,336,150,255,5.0,16,2560x1440,Medium,36,46,50
Ryzen 9 5900X,12,24,105,GTX 1060,GTX 1000,6,192,120,225,1.88,8,1920x1080,Medium,30,43,52
Ryzen 9 7950X3D,16,32,170,RX 6800,RX 6000,16,512,120,290,2.5,16,1920x1080,High,50,65,83
Ryzen 5 7600X,6,12,105,RX 7900 XTX,RX 7000,24,960,300,405,8.75,32,1920x1080,Low,103,127,155
Intel i7-12700F,12,20,65,GTX 1070,GTX 1000,8,256,150,215,2.75,16,1920x1080,Low,52,64,71
Intel i5-12400F,6,12,65,RX 6800 XT,RX 6000,16,512,300,365,7.08,32,1920x1080,High,51,73,90
Intel i5-12400F,6,12,65,RTX 4060,RTX 4000,8,272,300,365,5.83,8,2560x1440,Ultra,31,42,53
Intel i3-12100F,4,8,58,RX 6900 XT,RX 6000,16,512,120,178,11.25,16,2560x1440,Ultra,45,57,66
Ryzen 9 7950X,16,32,170,RX 7900 XTX,RX 7000,24,960,150,320,3.28,8,2560x1440,Medium,67,85,94
Intel i7-13700K,16,24,125,RX 7800 XT,RX 7000,16,624,150,275,3.54,16,2560x1440,High,48,61,69
Intel i5-12400F,6,12,65,RTX 2080 Ti,RTX 2000,11,616,200,265,7.08,32,1920x1080,High,59,71,88
Intel i7-13700K,16,24,125,Intel Arc A750,Intel Arc,8,512,300,425,2.29,32,2560x1440,High,28,38,41
Intel i7-13700K,16,24,125,RTX 2080 Ti,RTX 2000,11,616,150,275,3.54,16,1920x1080,Low,84,100,122
Intel i5-12600K,10,16,125,RTX 4080,RTX 4000,16,716,300,425,6.56,32,1920x1080,Ultra,57,75,92
Ryzen 5 7600X,6,12,105,RTX 4070,RTX 4000,12,504,250,355,7.08,8,2560x1440,High,47,57,73
Intel i9-14900K,24,32,125,RTX 2060,RTX 2000,6,336,200,325,1.88,32,3840x2160,Medium,28,36,41
Ryzen 7 7800X3D,8,16,120,RTX 3070,RTX 3000,8,448,120,240,5.0,8,2560x1440,Medium,46,66,72
Intel i7-13700K,16,24,125,RTX 4060,RTX 4000,8,272,120,245,2.92,32,2560x1440,Medium,48,60,66
Intel i9-13900K,24,32,125,RTX 3060 Ti,RTX 3000,8,448,300,425,2.19,8,2560x1440,Medium,50,63,73
Intel i9-14900K,24,32,125,RTX 3060,RTX 3000,12,360,150,275,2.03,8,1920x1080,Low,67,81,89
Ryzen 7 7800X3D,8,16,120,GTX 1660,GTX 1000,6,192,150,270,3.12,16,2560x1440,Medium,31,42,49
Ryzen 9 5900X,12,24,105,GTX 1060,GTX 1000,6,192,200,305,1.88,8,1920x1080,Medium,34,47,55
Ryzen 5 7600X,6,12,105,RX 6800,RX 6000,16,512,200,305,6.67,8,3840x2160,Medium,42,54,68
Intel i7-13700K,16,24,125,RTX 4070 Ti,RTX 4000,12,576,300,425,3.75,32,1920x1080,Low,91,110,139
Ryzen 9 7950X3D,16,32,170,RTX 3070,RTX 3000,8,448,250,420,2.5,16,3840x2160,Low,51,65,73
Ryzen 7 5800X,8,16,105,RX 7700 XT,RX 7000,12,432,250,355,4.69,8,3840x2160,Ultra,24,32,39
Ryzen 9 7950X3D,16,32,170,RTX 4090,RTX 4000,24,1012,150,320,3.75,32,3840x2160,Ultra,45,58,64
Intel i9-13900K,24,32,125,RX 6800 XT,RX 6000,16,512,200,325,2.66,8,1920x1080,Ultra,47,57,69
Ryzen 3 4100,4,8,65,GTX 1070,GTX 1000,8,256,250,315,6.88,16,1920x1080,Low,48,65,79
Ryzen 5 7600X,6,12,105,RX 6800,RX 6000,16,512,250,355,6.67,16,2560x1440,Ultra,37,46,53
Intel i3-12100F,4,8,58,RTX 3060,RTX 3000,12,360,300,358,8.12,16,2560x1440,Medium,42,56,62
Intel i5-12600K,10,16,125,RTX 4090,RTX 4000,24,1012,150,275,7.5,8,1920x1080,Low,98,139,158
Ryzen 5 7600X,6,12,105,RTX 3090,RTX 3000,24,936,300,405,8.33,8,2560x1440,High,62,74,96
Ryzen 3 4100,4,8,65,RTX 2060,RTX 2000,6,336,300,365,7.5,16,2560x1440,High,34,46,54
Intel i3-12100F,4,8,58,RX 7600,RX 7000,8,288,150,208,7.5,16,3840x2160,Medium,29,36,41
Ryzen 9 7950X,16,32,170,RX 6900 XT,RX 6000,16,512,250,420,2.81,16,2560x1440,Low,72,95,122
Intel i9-13900K,24,32,125,RX 6800 XT,RX 6000,16,512,120,245,2.66,16,2560x1440,Low,68,83,96
Ryzen 9 7950X3D,16,32,170,RTX 4080 Super,RTX 4000,16,742,300,470,3.38,16,2560x1440,Medium,73,91,113
Ryzen 5 5600X,6,12,65,RTX 4070 Ti,RTX 4000,12,576,200,265,7.5,32,3840x2160,Low,61,73,82
Ryzen 7 7800X3D,8,16,120,RX 6600,RX 6000,8,224,300,420,3.44,8,1920x1080,Ultra,27,38,42
Ryzen 9 7950X,16,32,170,RTX 4070,RTX 4000,12,504,300,470,2.66,8,1920x1080,Medium,62,86,108
Ryzen 9 7950X3D,16,32,170,RTX 2070,RTX 2000,8,448,200,370,2.19,8,1920x1080,Medium,56,74,84
Intel i5-12600K,10,16,125,RX 6900 XT,RX 6000,16,512,250,375,5.62,32,1920x1080,High,53,71,91
Intel i9-12900K,16,24,125,GTX 1660,GTX 1000,6,192,150,275,2.08,16,1920x1080,Ultra,28,37,47
Intel i7-13700K,16,24,125,RTX 3070,RTX 3000,8,448,200,325,3.33,32,2560x1440,Ultra,35,49,59
Intel i9-13900K,24,32,125,RX 7800 XT,RX 7000,16,624,250,375,2.66,16,3840x2160,Ultra,29,35,41
Intel i9-14900K,24,32,125,RX 7900 XTX,RX 7000,24,960,250,375,3.28,16,2560x1440,Ultra,43,62,69
Ryzen 7 5800X,8,16,105,RTX 4070,RTX 4000,12,504,250,355,5.31,16,2560x1440,Medium,57,69,86
Ryzen 7 7800X3D,8,16,120,RTX 3060,RTX 3000,12,360,150,270,4.06,16,3840x2160,Low,36,52,66
Ryzen 3 4100,4,8,65,RTX 4060,RTX 4000,8,272,250,315,8.75,32,3840x2160,Low,46,56,71
Intel i7-12700F,12,20,65,RTX 4070 Super,RTX 4000,12,504,200,265,4.4,32,1920x1080,Low,80,108,128
Intel i9-13900K,24,32,125,RX 7800 XT,RX 7000,16,624,250,375,2.66,8,1920x1080,Ultra,44,55,68
Ryzen 5 7600X,6,12,105,RX 6600 XT,RX 6000,8,256,200,305,5.0,8,1920x1080,Ultra,26,37,47
Ryzen 9 7950X,16,32,170,RX 7700 XT,RX 7000,12,432,150,320,2.34,8,2560x1440,Low,55,76,98
Ryzen 9 7950X3D,16,32,170,RTX 4090,RTX 4000,24,1012,250,420,3.75,8,1920x1080,Medium,87,121,136
Intel i9-12900K,16,24,125,GTX 1060,GTX 1000,6,192,120,245,1.88,32,3840x2160,Low,24,32,36
Intel i9-13900K,24,32,125,RX 6800 XT,RX 6000,16,512,120,245,2.66,32,3840x2160,Low,54,69,85
Ryzen 7 7800X3D,8,16,120,RTX 4070,RTX 4000,12,504,150,270,5.31,32,2560x1440,Low,66,81,101
Ryzen 7 5800X,8,16,105,RTX 3080 Ti,RTX 3000,12,912,150,255,6.12,8,1920x1080,Low,98,116,135
Intel i5-12600K,10,16,125,RTX 3080,RTX 3000,10,760,200,325,5.94,32,1920x1080,Medium,69,91,102
Ryzen 5 7600X,6,12,105,RTX 3060 Ti,RTX 3000,8,448,120,225,5.83,32,3840x2160,Medium,33,44,50
Ryzen 7 5800X,8,16,105,RTX 4070 Ti,RTX 4000,12,576,150,255,5.62,16,1920x1080,Low,76,109,124
Intel i5-12600K,10,16,125,RTX 4090,RTX 4000,24,1012,300,425,7.5,8,3840x2160,High,44,61,70
Ryzen 9 7950X3D,16,32,170,GTX 1080 Ti,GTX 1000,11,484,250,420,2.03,16,3840x2160,Medium,36,46,59
Intel i7-13700K,16,24,125,RTX 4080,RTX 4000,16,716,300,425,4.38,32,1920x1080,High,66,89,108
Ryzen 9 7950X,16,32,170,RX 6600,RX 6000,8,224,300,470,1.72,32,3840x2160,Medium,30,36,41
Intel i7-12700F,12,20,65,RTX 4070,RTX 4000,12,504,200,265,4.25,8,1920x1080,Ultra,42,60,70
Intel i9-13900K,24,32,125,Intel Arc A750,Intel Arc,8,512,250,375,1.72,32,2560x1440,Medium,35,42,51
Ryzen 5 7600X,6,12,105,GTX 1650 Super,GTX 1000,4,192,250,355,3.33,32,2560x1440,High,21,31,39
Ryzen 5 5600X,6,12,65,RTX 2070,RTX 2000,8,448,150,215,5.83,16,1920x1080,High,43,56,71
Intel i9-14900K,24,32,125,RX 6600,RX 6000,8,224,120,245,1.72,8,3840x2160,High,20,29,36
Intel i9-13900K,24,32,125,RTX 2080 Ti,RTX 2000,11,616,150,275,2.66,8,3840x2160,Medium,37,51,61
Intel i9-14900K,24,32,125,RX 7800 XT,RX 7000,16,624,250,375,2.66,32,1920x1080,Ultra,42,59,67
Intel i9-12900K,16,24,125,RTX 3080 Ti,RTX 3000,12,912,250,375,4.08,32,2560x1440,High,55,70,80
Intel i5-12600K,10,16,125,RTX 4070 Super,RTX 4000,12,504,250,375,5.5,8,2560x1440,Ultra,39,52,63
Intel i7-13700K,16,24,125,RX 7600,RX 7000,8,288,300,425,2.5,16,1920x1080,Ultra,36,45,57
Intel i7-13700K,16,24,125,RTX 3060,RTX 3000,12,360,250,375,2.71,16,2560x1440,Ultra,26,36,43
Intel i5-12600K,10,16,125,RTX 4080,RTX 4000,16,716,300,425,6.56,8,1920x1080,Ultra,50,70,77
Ryzen 7 5800X,8,16,105,RX 7700 XT,RX 7000,12,432,300,405,4.69,16,2560x1440,Ultra,37,49,58
Intel i5-12600K,10,16,125,RX 6700 XT,RX 6000,12,384,200,325,4.38,16,1920x1080,Low,63,88,110
Ryzen 7 5800X,8,16,105,RX 7800 XT,RX 7000,16,624,250,355,5.31,32,3840x2160,Ultra,32,40,49
Intel i9-14900K,24,32,125,RTX 3080 Ti,RTX 3000,12,912,150,275,3.06,16,2560x1440,Low,80,101,125
Ryzen 3 4100,4,8,65,RX 6900 XT,RX 6000,16,512,150,215,11.25,16,3840x2160,Medium,43,55,67
Intel i3-12100F,4,8,58,GTX 1660,GTX 1000,6,192,150,208,6.25,16,1920x1080,Ultra,31,37,41
Ryzen 9 5900X,12,24,105,Intel Arc A770,Intel Arc,16,560,250,355,2.71,32,2560x1440,High,37,44,54
Ryzen 5 5600X,6,12,65,RX 6700 XT,RX 6000,12,384,150,215,5.83,8,3840x2160,Low,44,55,64
Ryzen 3 4100,4,8,65,RTX 3070,RTX 3000,8,448,120,185,10.0,32,3840x2160,Ultra,28,34,42
Intel i7-12700F,12,20,65,GTX 1060,GTX 1000,6,192,150,215,2.25,32,3840x2160,Ultra,14,19,22
Ryzen 7 5800X,8,16,105,RTX 3060,RTX 3000,12,360,300,405,4.06,8,3840x2160,Medium,32,42,47
Intel i9-13900K,24,32,125,RTX 3060,RTX 3000,12,360,250,375,2.03,32,1920x1080,Low,60,74,85
Ryzen 9 7950X,16,32,170,GTX 1080 Ti,GTX 1000,11,484,200,370,2.03,8,3840x2160,Medium,30,40,46
Intel i3-12100F,4,8,58,RTX 3080 Ti,RTX 3000,12,912,120,178,12.25,32,2560x1440,Ultra,42,60,69
Intel i5-12400F,6,12,65,GTX 1080 Ti,GTX 1000,11,484,250,315,5.42,16,1920x1080,Low,66,79,98
Ryzen 9 7950X3D,16,32,170,RTX 4080,RTX 4000,16,716,150,320,3.28,16,3840x2160,Ultra,38,46,59
Ryzen 7 5800X,8,16,105,RX 6600 XT,RX 6000,8,256,250,355,3.75,16,2560x1440,Low,52,64,70
Intel i7-13700K,16,24,125,RTX 2070,RTX 2000,8,448,200,325,2.92,32,3840x2160,Low,41,52,65
